Average,CylinderLot,CylinderPartNumber,DateOccurred,DateOccurredUtc,DatePerformedUtc,Enabled,ExpectedValue,FoundValue,GasUnit,IsFailed,Peak,Temperature,TestType,site,gas_type,gas_units
0.5,,0.0,1/5/2018 2:33:15 PM,1/5/2018 12:33:15 PM,1/1/0001 12:00:00 AM,True,1.38,0.95,PercentMethane,False,0.5,28,Calibration,1,Methane,PercentLEL
0.5,,0.0,1/5/2018 2:34:15 PM,1/5/2018 12:34:15 PM,1/1/0001 12:00:00 AM,True,1.38,0.95,PercentMethane,False,0.5,28,Calibration,1,Methane,PercentLEL
0.45000001788139293,,0.0,1/5/2018 2:35:15 PM,1/5/2018 12:35:15 PM,1/1/0001 12:00:00 AM,True,1.38,0.95,PercentMethane,False,0.5,28,Calibration,1,Methane,PercentLEL
0.45000001788139293,,0.0,1/5/2018 2:36:15 PM,1/5/2018 12:36:15 PM,1/1/0001 12:00:00 AM,True,1.38,0.95,PercentMethane,False,0.45000001788139293,28,Calibration,1,Methane,PercentLEL
0.0,,0.0,1/5/2018 2:33:15 PM,1/5/2018 12:33:15 PM,1/1/0001 12:00:00 AM,True,173.0,175.0,PPM,False,0.0,28,Calibration,3,CO,PercentLEL
0.0,,0.0,1/5/2018 2:34:15 PM,1/5/2018 12:34:15 PM,1/1/0001 12:00:00 AM,True,173.0,175.0,PPM,False,0.0,28,Calibration,3,CO,PercentLEL
0.0,,0.0,1/5/2018 2:35:15 PM,1/5/2018 12:35:15 PM,1/1/0001 12:00:00 AM,True,173.0,175.0,PPM,False,0.0,28,Calibration,3,CO,PercentLEL
0.0,,0.0,1/5/2018 2:36:15 PM,1/5/2018 12:36:15 PM,1/1/0001 12:00:00 AM,True,173.0,175.0,PPM,False,0.0,28,Calibration,3,CO,PercentLEL
0.0,,,1/5/2018 2:33:15 PM,1/5/2018 12:33:15 PM,1/1/0001 12:00:00 AM,False,,,PPM,False,0.0,28,None,4,H2S,PercentLEL
0.0,,,1/5/2018 2:34:15 PM,1/5/2018 12:34:15 PM,1/1/0001 12:00:00 AM,False,,,PPM,False,0.0,28,None,4,H2S,PercentLEL
0.0,,,1/5/2018 2:35:15 PM,1/5/2018 12:35:15 PM,1/1/0001 12:00:00 AM,False,,,PPM,False,0.0,28,None,4,H2S,PercentLEL
0.0,,,1/5/2018 2:36:15 PM,1/5/2018 12:36:15 PM,1/1/0001 12:00:00 AM,False,,,PPM,False,0.0,28,None,4,H2S,PercentLEL
0.0,,0.0,1/19/2018 5:53:30 PM,1/19/2018 3:53:30 PM,1/1/0001 12:00:00 AM,True,1.38,1.4,PercentMethane,False,0.0,26,Calibration,1,Methane,PercentLEL
0.0,,0.0,1/19/2018 5:54:30 PM,1/19/2018 3:54:30 PM,1/1/0001 12:00:00 AM,True,1.38,1.4,PercentMethane,False,0.0,26,Calibration,1,Methane,PercentLEL
0.0,,0.0,1/19/2018 5:55:30 PM,1/19/2018 3:55:30 PM,1/1/0001 12:00:00 AM,True,1.38,1.4,PercentMethane,False,0.150000005960464,26,Calibration,1,Methane,PercentLEL
0.0,,0.0,1/19/2018 5:56:30 PM,1/19/2018 3:56:30 PM,1/1/0001 12:00:00 AM,True,1.38,1.4,PercentMethane,False,0.0,26,Calibration,1,Methane,PercentLEL
0.0,,0.0,1/19/2018 5:53:30 PM,1/19/2018 3:53:30 PM,1/1/0001 12:00:00 AM,True,173.0,171.0,PPM,False,0.0,26,Calibration,3,CO,PercentLEL
0.0,,0.0,1/19/2018 5:54:30 PM,1/19/2018 3:54:30 PM,1/1/0001 12:00:00 AM,True,173.0,171.0,PPM,False,0.0,26,Calibration,3,CO,PercentLEL
6.0,,0.0,1/19/2018 5:55:30 PM,1/19/2018 3:55:30 PM,1/1/0001 12:00:00 AM,True,173.0,171.0,PPM,False,77.0,26,Calibration,3,CO,PercentLEL
0.0,,0.0,1/19/2018 5:56:30 PM,1/19/2018 3:56:30 PM,1/1/0001 12:00:00 AM,True,173.0,171.0,PPM,False,0.0,26,Calibration,3,CO,PercentLEL
0.0,,,1/19/2018 5:53:30 PM,1/19/2018 3:53:30 PM,1/1/0001 12:00:00 AM,False,,,PPM,False,0.0,26,None,4,H2S,PercentLEL
0.0,,,1/19/2018 5:54:30 PM,1/19/2018 3:54:30 PM,1/1/0001 12:00:00 AM,False,,,PPM,False,0.0,26,None,4,H2S,PercentLEL
0.0,,,1/19/2018 5:55:30 PM,1/19/2018 3:55:30 PM,1/1/0001 12:00:00 AM,False,,,PPM,False,0.0,26,None,4,H2S,PercentLEL
0.0,,,1/19/2018 5:56:30 PM,1/19/2018 3:56:30 PM,1/1/0001 12:00:00 AM,False,,,PPM,False,0.0,26,None,4,H2S,PercentLEL
0.0,,0.0,2/7/2018 7:54:30 AM,2/7/2018 5:54:30 AM,1/1/0001 12:00:00 AM,True,1.38,1.65,PercentMethane,False,0.0,34,Calibration,1,Methane,PercentLEL
0.0,,0.0,2/7/2018 7:55:30 AM,2/7/2018 5:55:30 AM,1/1/0001 12:00:00 AM,True,1.38,1.65,PercentMethane,False,0.0,34,Calibration,1,Methane,PercentLEL
0.0,,0.0,2/7/2018 7:56:30 AM,2/7/2018 5:56:30 AM,1/1/0001 12:00:00 AM,True,1.38,1.65,PercentMethane,False,0.0,34,Calibration,1,Methane,PercentLEL
0.0,,0.0,2/7/2018 7:57:30 AM,2/7/2018 5:57:30 AM,1/1/0001 12:00:00 AM,True,1.38,1.65,PercentMethane,False,0.0,34,Calibration,1,Methane,PercentLEL
0.0,,0.0,2/7/2018 7:58:30 AM,2/7/2018 5:58:30 AM,1/1/0001 12:00:00 AM,True,1.38,1.65,PercentMethane,False,0.0,34,Calibration,1,Methane,PercentLEL
0.0,,0.0,2/7/2018 7:59:30 AM,2/7/2018 5:59:30 AM,1/1/0001 12:00:00 AM,True,1.38,1.65,PercentMethane,False,0.0,34,Calibration,1,Methane,PercentLEL
0.0,,0.0,2/7/2018 8:00:30 AM,2/7/2018 6:00:30 AM,1/1/0001 12:00:00 AM,True,1.38,1.65,PercentMethane,False,0.0,34,Calibration,1,Methane,PercentLEL
0.0,,0.0,2/7/2018 8:01:30 AM,2/7/2018 6:01:30 AM,1/1/0001 12:00:00 AM,True,1.38,1.65,PercentMethane,False,0.0,34,Calibration,1,Methane,PercentLEL
0.0,,0.0,2/7/2018 8:02:30 AM,2/7/2018 6:02:30 AM,1/1/0001 12:00:00 AM,True,1.38,1.65,PercentMethane,False,0.0,34,Calibration,1,Methane,PercentLEL
0.0,,0.0,2/7/2018 8:03:30 AM,2/7/2018 6:03:30 AM,1/1/0001 12:00:00 AM,True,1.38,1.65,PercentMethane,False,0.0,34,Calibration,1,Methane,PercentLEL
0.0,,0.0,2/7/2018 8:04:30 AM,2/7/2018 6:04:30 AM,1/1/0001 12:00:00 AM,True,1.38,1.65,PercentMethane,False,0.0,34,Calibration,1,Methane,PercentLEL
0.0,,0.0,2/7/2018 8:05:30 AM,2/7/2018 6:05:30 AM,1/1/0001 12:00:00 AM,True,1.38,1.65,PercentMethane,False,0.0,34,Calibration,1,Methane,PercentLEL
113.0,,0.0,2/7/2018 7:54:30 AM,2/7/2018 5:54:30 AM,1/1/0001 12:00:00 AM,True,173.0,162.0,PPM,False,114.0,34,Calibration,3,CO,PercentLEL
113.0,,0.0,2/7/2018 7:55:30 AM,2/7/2018 5:55:30 AM,1/1/0001 12:00:00 AM,True,173.0,162.0,PPM,False,115.0,34,Calibration,3,CO,PercentLEL
113.0,,0.0,2/7/2018 7:56:30 AM,2/7/2018 5:56:30 AM,1/1/0001 12:00:00 AM,True,173.0,162.0,PPM,False,114.0,34,Calibration,3,CO,PercentLEL
112.0,,0.0,2/7/2018 7:57:30 AM,2/7/2018 5:57:30 AM,1/1/0001 12:00:00 AM,True,173.0,162.0,PPM,False,115.0,34,Calibration,3,CO,PercentLEL
112.0,,0.0,2/7/2018 7:58:30 AM,2/7/2018 5:58:30 AM,1/1/0001 12:00:00 AM,True,173.0,162.0,PPM,False,114.0,34,Calibration,3,CO,PercentLEL
111.0,,0.0,2/7/2018 7:59:30 AM,2/7/2018 5:59:30 AM,1/1/0001 12:00:00 AM,True,173.0,162.0,PPM,False,113.0,34,Calibration,3,CO,PercentLEL
111.0,,0.0,2/7/2018 8:00:30 AM,2/7/2018 6:00:30 AM,1/1/0001 12:00:00 AM,True,173.0,162.0,PPM,False,113.0,34,Calibration,3,CO,PercentLEL
110.0,,0.0,2/7/2018 8:01:30 AM,2/7/2018 6:01:30 AM,1/1/0001 12:00:00 AM,True,173.0,162.0,PPM,False,112.0,34,Calibration,3,CO,PercentLEL
108.0,,0.0,2/7/2018 8:02:30 AM,2/7/2018 6:02:30 AM,1/1/0001 12:00:00 AM,True,173.0,162.0,PPM,False,111.0,34,Calibration,3,CO,PercentLEL
106.0,,0.0,2/7/2018 8:03:30 AM,2/7/2018 6:03:30 AM,1/1/0001 12:00:00 AM,True,173.0,162.0,PPM,False,109.0,34,Calibration,3,CO,PercentLEL
105.0,,0.0,2/7/2018 8:04:30 AM,2/7/2018 6:04:30 AM,1/1/0001 12:00:00 AM,True,173.0,162.0,PPM,False,107.0,34,Calibration,3,CO,PercentLEL
104.0,,0.0,2/7/2018 8:05:30 AM,2/7/2018 6:05:30 AM,1/1/0001 12:00:00 AM,True,173.0,162.0,PPM,False,106.0,34,Calibration,3,CO,PercentLEL
0.0,,,2/7/2018 7:54:30 AM,2/7/2018 5:54:30 AM,1/1/0001 12:00:00 AM,False,,,PPM,False,0.0,34,None,4,H2S,PercentLEL
0.0,,,2/7/2018 7:55:30 AM,2/7/2018 5:55:30 AM,1/1/0001 12:00:00 AM,False,,,PPM,False,0.0,34,None,4,H2S,PercentLEL
0.0,,,2/7/2018 7:56:30 AM,2/7/2018 5:56:30 AM,1/1/0001 12:00:00 AM,False,,,PPM,False,0.0,34,None,4,H2S,PercentLEL
0.0,,,2/7/2018 7:57:30 AM,2/7/2018 5:57:30 AM,1/1/0001 12:00:00 AM,False,,,PPM,False,0.0,34,None,4,H2S,PercentLEL
0.0,,,2/7/2018 7:58:30 AM,2/7/2018 5:58:30 AM,1/1/0001 12:00:00 AM,False,,,PPM,False,0.0,34,None,4,H2S,PercentLEL
0.0,,,2/7/2018 7:59:30 AM,2/7/2018 5:59:30 AM,1/1/0001 12:00:00 AM,False,,,PPM,False,0.0,34,None,4,H2S,PercentLEL
0.0,,,2/7/2018 8:00:30 AM,2/7/2018 6:00:30 AM,1/1/0001 12:00:00 AM,False,,,PPM,False,0.0,34,None,4,H2S,PercentLEL
0.0,,,2/7/2018 8:01:30 AM,2/7/2018 6:01:30 AM,1/1/0001 12:00:00 AM,False,,,PPM,False,0.0,34,None,4,H2S,PercentLEL
0.0,,,2/7/2018 8:02:30 AM,2/7/2018 6:02:30 AM,1/1/0001 12:00:00 AM,False,,,PPM,False,0.0,34,None,4,H2S,PercentLEL
0.0,,,2/7/2018 8:03:30 AM,2/7/2018 6:03:30 AM,1/1/0001 12:00:00 AM,False,,,PPM,False,0.0,34,None,4,H2S,PercentLEL
0.0,,,2/7/2018 8:04:30 AM,2/7/2018 6:04:30 AM,1/1/0001 12:00:00 AM,False,,,PPM,False,0.0,34,None,4,H2S,PercentLEL
0.0,,,2/7/2018 8:05:30 AM,2/7/2018 6:05:30 AM,1/1/0001 12:00:00 AM,False,,,PPM,False,0.0,34,None,4,H2S,PercentLEL
0.0,,0.0,1/4/2018 7:07:45 AM,1/4/2018 5:07:45 AM,1/1/0001 12:00:00 AM,True,1.38,1.4,PercentMethane,False,0.0,28,Calibration,1,Methane,PercentLEL
0.0,,0.0,1/4/2018 7:08:45 AM,1/4/2018 5:08:45 AM,1/1/0001 12:00:00 AM,True,1.38,1.4,PercentMethane,False,0.0,28,Calibration,1,Methane,PercentLEL
0.0,,0.0,1/4/2018 7:09:45 AM,1/4/2018 5:09:45 AM,1/1/0001 12:00:00 AM,True,1.38,1.4,PercentMethane,False,0.0,28,Calibration,1,Methane,PercentLEL
0.0,,0.0,1/4/2018 7:10:45 AM,1/4/2018 5:10:45 AM,1/1/0001 12:00:00 AM,True,1.38,1.4,PercentMethane,False,0.349999994039536,28,Calibration,1,Methane,PercentLEL
0.0,,0.0,1/4/2018 7:11:45 AM,1/4/2018 5:11:45 AM,1/1/0001 12:00:00 AM,True,1.38,1.4,PercentMethane,False,0.0,28,Calibration,1,Methane,PercentLEL
0.0,,0.0,1/4/2018 7:07:45 AM,1/4/2018 5:07:45 AM,1/1/0001 12:00:00 AM,True,173.0,172.0,PPM,False,0.0,28,Calibration,3,CO,PercentLEL
0.0,,0.0,1/4/2018 7:08:45 AM,1/4/2018 5:08:45 AM,1/1/0001 12:00:00 AM,True,173.0,172.0,PPM,False,0.0,28,Calibration,3,CO,PercentLEL
0.0,,0.0,1/4/2018 7:09:45 AM,1/4/2018 5:09:45 AM,1/1/0001 12:00:00 AM,True,173.0,172.0,PPM,False,0.0,28,Calibration,3,CO,PercentLEL
31.0,,0.0,1/4/2018 7:10:45 AM,1/4/2018 5:10:45 AM,1/1/0001 12:00:00 AM,True,173.0,172.0,PPM,False,206.0,28,Calibration,3,CO,PercentLEL
0.0,,0.0,1/4/2018 7:11:45 AM,1/4/2018 5:11:45 AM,1/1/0001 12:00:00 AM,True,173.0,172.0,PPM,False,0.0,28,Calibration,3,CO,PercentLEL
0.0,,,1/4/2018 7:07:45 AM,1/4/2018 5:07:45 AM,1/1/0001 12:00:00 AM,False,,,PPM,False,0.0,28,None,4,H2S,PercentLEL
0.0,,,1/4/2018 7:08:45 AM,1/4/2018 5:08:45 AM,1/1/0001 12:00:00 AM,False,,,PPM,False,0.0,28,None,4,H2S,PercentLEL
0.0,,,1/4/2018 7:09:45 AM,1/4/2018 5:09:45 AM,1/1/0001 12:00:00 AM,False,,,PPM,False,0.0,28,None,4,H2S,PercentLEL
0.0,,,1/4/2018 7:10:45 AM,1/4/2018 5:10:45 AM,1/1/0001 12:00:00 AM,False,,,PPM,False,0.0,28,None,4,H2S,PercentLEL
0.0,,,1/4/2018 7:11:45 AM,1/4/2018 5:11:45 AM,1/1/0001 12:00:00 AM,False,,,PPM,False,0.0,28,None,4,H2S,PercentLEL
0.400000005960464,,0.0,1/8/2018 6:35:00 PM,1/8/2018 4:35:00 PM,1/1/0001 12:00:00 AM,True,1.38,0.95,PercentMethane,False,0.45000001788139293,31,Calibration,1,Methane,PercentLEL
0.400000005960464,,0.0,1/8/2018 6:36:00 PM,1/8/2018 4:36:00 PM,1/1/0001 12:00:00 AM,True,1.38,0.95,PercentMethane,False,0.45000001788139293,31,Calibration,1,Methane,PercentLEL
0.45000001788139293,,0.0,1/8/2018 6:37:00 PM,1/8/2018 4:37:00 PM,1/1/0001 12:00:00 AM,True,1.38,0.95,PercentMethane,False,0.5,31,Calibration,1,Methane,PercentLEL
0.5,,0.0,1/8/2018 6:38:00 PM,1/8/2018 4:38:00 PM,1/1/0001 12:00:00 AM,True,1.38,0.95,PercentMethane,False,0.550000011920929,31,Calibration,1,Methane,PercentLEL
0.0,,0.0,1/8/2018 6:35:00 PM,1/8/2018 4:35:00 PM,1/1/0001 12:00:00 AM,True,173.0,175.0,PPM,False,1.0,31,Calibration,3,CO,PercentLEL
0.0,,0.0,1/8/2018 6:36:00 PM,1/8/2018 4:36:00 PM,1/1/0001 12:00:00 AM,True,173.0,175.0,PPM,False,0.0,31,Calibration,3,CO,PercentLEL
0.0,,0.0,1/8/2018 6:37:00 PM,1/8/2018 4:37:00 PM,1/1/0001 12:00:00 AM,True,173.0,175.0,PPM,False,1.0,31,Calibration,3,CO,PercentLEL
0.0,,0.0,1/8/2018 6:38:00 PM,1/8/2018 4:38:00 PM,1/1/0001 12:00:00 AM,True,173.0,175.0,PPM,False,0.0,31,Calibration,3,CO,PercentLEL
0.0,,,1/8/2018 6:35:00 PM,1/8/2018 4:35:00 PM,1/1/0001 12:00:00 AM,False,,,PPM,False,0.0,31,None,4,H2S,PercentLEL
0.0,,,1/8/2018 6:36:00 PM,1/8/2018 4:36:00 PM,1/1/0001 12:00:00 AM,False,,,PPM,False,0.0,31,None,4,H2S,PercentLEL
0.0,,,1/8/2018 6:37:00 PM,1/8/2018 4:37:00 PM,1/1/0001 12:00:00 AM,False,,,PPM,False,0.0,31,None,4,H2S,PercentLEL
0.0,,,1/8/2018 6:38:00 PM,1/8/2018 4:38:00 PM,1/1/0001 12:00:00 AM,False,,,PPM,False,0.0,31,None,4,H2S,PercentLEL
0.45000001788139293,,0.0,1/7/2018 4:51:00 PM,1/7/2018 2:51:00 PM,1/1/0001 12:00:00 AM,True,1.38,0.95,PercentMethane,False,0.45000001788139293,31,Calibration,1,Methane,PercentLEL
0.45000001788139293,,0.0,1/7/2018 4:52:00 PM,1/7/2018 2:52:00 PM,1/1/0001 12:00:00 AM,True,1.38,0.95,PercentMethane,False,0.5,31,Calibration,1,Methane,PercentLEL
0.0,,0.0,1/7/2018 4:51:00 PM,1/7/2018 2:51:00 PM,1/1/0001 12:00:00 AM,True,173.0,175.0,PPM,False,1.0,31,Calibration,3,CO,PercentLEL
0.0,,0.0,1/7/2018 4:52:00 PM,1/7/2018 2:52:00 PM,1/1/0001 12:00:00 AM,True,173.0,175.0,PPM,False,0.0,31,Calibration,3,CO,PercentLEL
0.0,,,1/7/2018 4:51:00 PM,1/7/2018 2:51:00 PM,1/1/0001 12:00:00 AM,False,,,PPM,False,0.0,31,None,4,H2S,PercentLEL
0.0,,,1/7/2018 4:52:00 PM,1/7/2018 2:52:00 PM,1/1/0001 12:00:00 AM,False,,,PPM,False,0.0,31,None,4,H2S,PercentLEL
0.0,,0.0,1/9/2018 7:11:30 PM,1/9/2018 5:11:30 PM,1/1/0001 12:00:00 AM,True,1.38,1.25,PercentMethane,False,0.0,31,Calibration,1,Methane,PercentLEL
0.0,,0.0,1/9/2018 7:12:30 PM,1/9/2018 5:12:30 PM,1/1/0001 12:00:00 AM,True,1.38,1.25,PercentMethane,False,0.0,31,Calibration,1,Methane,PercentLEL
0.0,,0.0,1/9/2018 7:13:30 PM,1/9/2018 5:13:30 PM,1/1/0001 12:00:00 AM,True,1.38,1.25,PercentMethane,False,0.0,31,Calibration,1,Methane,PercentLEL
0.100000001490116,,0.0,1/9/2018 7:14:30 PM,1/9/2018 5:14:30 PM,1/1/0001 12:00:00 AM,True,1.38,1.25,PercentMethane,False,0.30000001192092896,31,Calibration,1,Methane,PercentLEL
0.30000001192092896,,0.0,1/9/2018 7:15:30 PM,1/9/2018 5:15:30 PM,1/1/0001 12:00:00 AM,True,1.38,1.25,PercentMethane,False,0.349999994039536,31,Calibration,1,Methane,PercentLEL
0.30000001192092896,,0.0,1/9/2018 7:16:30 PM,1/9/2018 5:16:30 PM,1/1/0001 12:00:00 AM,True,1.38,1.25,PercentMethane,False,0.349999994039536,31,Calibration,1,Methane,PercentLEL
0.200000002980232,,0.0,1/9/2018 7:17:30 PM,1/9/2018 5:17:30 PM,1/1/0001 12:00:00 AM,True,1.38,1.25,PercentMethane,False,0.30000001192092896,31,Calibration,1,Methane,PercentLEL
0.100000001490116,,0.0,1/9/2018 7:18:30 PM,1/9/2018 5:18:30 PM,1/1/0001 12:00:00 AM,True,1.38,1.25,PercentMethane,False,0.200000002980232,31,Calibration,1,Methane,PercentLEL
0.0,,0.0,1/9/2018 7:19:30 PM,1/9/2018 5:19:30 PM,1/1/0001 12:00:00 AM,True,1.38,1.25,PercentMethane,False,0.100000001490116,31,Calibration,1,Methane,PercentLEL
0.0,,0.0,1/9/2018 7:20:30 PM,1/9/2018 5:20:30 PM,1/1/0001 12:00:00 AM,True,1.38,1.25,PercentMethane,False,0.0,31,Calibration,1,Methane,PercentLEL
0.0,,0.0,1/9/2018 7:21:30 PM,1/9/2018 5:21:30 PM,1/1/0001 12:00:00 AM,True,1.38,1.25,PercentMethane,False,0.0,31,Calibration,1,Methane,PercentLEL
0.0,,0.0,1/9/2018 7:22:30 PM,1/9/2018 5:22:30 PM,1/1/0001 12:00:00 AM,True,1.38,1.25,PercentMethane,False,0.0,31,Calibration,1,Methane,PercentLEL
0.0,,0.0,1/9/2018 7:23:30 PM,1/9/2018 5:23:30 PM,1/1/0001 12:00:00 AM,True,1.38,1.25,PercentMethane,False,0.0,31,Calibration,1,Methane,PercentLEL
0.0,,0.0,1/9/2018 7:24:30 PM,1/9/2018 5:24:30 PM,1/1/0001 12:00:00 AM,True,1.38,1.25,PercentMethane,False,0.0,31,Calibration,1,Methane,PercentLEL
0.0,,0.0,1/9/2018 7:25:30 PM,1/9/2018 5:25:30 PM,1/1/0001 12:00:00 AM,True,1.38,1.25,PercentMethane,False,0.0,31,Calibration,1,Methane,PercentLEL
0.0,,0.0,1/9/2018 7:26:30 PM,1/9/2018 5:26:30 PM,1/1/0001 12:00:00 AM,True,1.38,1.25,PercentMethane,False,0.0,31,Calibration,1,Methane,PercentLEL
0.0,,0.0,1/9/2018 7:27:30 PM,1/9/2018 5:27:30 PM,1/1/0001 12:00:00 AM,True,1.38,1.25,PercentMethane,False,0.0,34,Calibration,1,Methane,PercentLEL
0.0,,0.0,1/9/2018 7:11:30 PM,1/9/2018 5:11:30 PM,1/1/0001 12:00:00 AM,True,173.0,182.0,PPM,False,0.0,31,Calibration,3,CO,PercentLEL
0.0,,0.0,1/9/2018 7:12:30 PM,1/9/2018 5:12:30 PM,1/1/0001 12:00:00 AM,True,173.0,182.0,PPM,False,0.0,31,Calibration,3,CO,PercentLEL
4.0,,0.0,1/9/2018 7:13:30 PM,1/9/2018 5:13:30 PM,1/1/0001 12:00:00 AM,True,173.0,182.0,PPM,False,65.0,31,Calibration,3,CO,PercentLEL
410.0,,0.0,1/9/2018 7:14:30 PM,1/9/2018 5:14:30 PM,1/1/0001 12:00:00 AM,True,173.0,182.0,PPM,False,747.0,31,Calibration,3,CO,PercentLEL
995.0,,0.0,1/9/2018 7:15:30 PM,1/9/2018 5:15:30 PM,1/1/0001 12:00:00 AM,True,173.0,182.0,PPM,False,1109.0,31,Calibration,3,CO,PercentLEL
1079.0,,0.0,1/9/2018 7:16:30 PM,1/9/2018 5:16:30 PM,1/1/0001 12:00:00 AM,True,173.0,182.0,PPM,False,1120.0,31,Calibration,3,CO,PercentLEL
789.0,,0.0,1/9/2018 7:17:30 PM,1/9/2018 5:17:30 PM,1/1/0001 12:00:00 AM,True,173.0,182.0,PPM,False,974.0,31,Calibration,3,CO,PercentLEL
448.0,,0.0,1/9/2018 7:18:30 PM,1/9/2018 5:18:30 PM,1/1/0001 12:00:00 AM,True,173.0,182.0,PPM,False,594.0,31,Calibration,3,CO,PercentLEL
247.0,,0.0,1/9/2018 7:19:30 PM,1/9/2018 5:19:30 PM,1/1/0001 12:00:00 AM,True,173.0,182.0,PPM,False,316.0,31,Calibration,3,CO,PercentLEL
151.0,,0.0,1/9/2018 7:20:30 PM,1/9/2018 5:20:30 PM,1/1/0001 12:00:00 AM,True,173.0,182.0,PPM,False,193.0,31,Calibration,3,CO,PercentLEL
103.0,,0.0,1/9/2018 7:21:30 PM,1/9/2018 5:21:30 PM,1/1/0001 12:00:00 AM,True,173.0,182.0,PPM,False,122.0,31,Calibration,3,CO,PercentLEL
77.0,,0.0,1/9/2018 7:22:30 PM,1/9/2018 5:22:30 PM,1/1/0001 12:00:00 AM,True,173.0,182.0,PPM,False,88.0,31,Calibration,3,CO,PercentLEL
60.0,,0.0,1/9/2018 7:23:30 PM,1/9/2018 5:23:30 PM,1/1/0001 12:00:00 AM,True,173.0,182.0,PPM,False,68.0,31,Calibration,3,CO,PercentLEL
50.0,,0.0,1/9/2018 7:24:30 PM,1/9/2018 5:24:30 PM,1/1/0001 12:00:00 AM,True,173.0,182.0,PPM,False,55.0,31,Calibration,3,CO,PercentLEL
44.0,,0.0,1/9/2018 7:25:30 PM,1/9/2018 5:25:30 PM,1/1/0001 12:00:00 AM,True,173.0,182.0,PPM,False,48.0,31,Calibration,3,CO,PercentLEL
38.0,,0.0,1/9/2018 7:26:30 PM,1/9/2018 5:26:30 PM,1/1/0001 12:00:00 AM,True,173.0,182.0,PPM,False,41.0,31,Calibration,3,CO,PercentLEL
35.0,,0.0,1/9/2018 7:27:30 PM,1/9/2018 5:27:30 PM,1/1/0001 12:00:00 AM,True,173.0,182.0,PPM,False,37.0,34,Calibration,3,CO,PercentLEL
0.0,,,1/9/2018 7:11:30 PM,1/9/2018 5:11:30 PM,1/1/0001 12:00:00 AM,False,,,PPM,False,0.0,31,None,4,H2S,PercentLEL
0.0,,,1/9/2018 7:12:30 PM,1/9/2018 5:12:30 PM,1/1/0001 12:00:00 AM,False,,,PPM,False,0.0,31,None,4,H2S,PercentLEL
0.0,,,1/9/2018 7:13:30 PM,1/9/2018 5:13:30 PM,1/1/0001 12:00:00 AM,False,,,PPM,False,0.0,31,None,4,H2S,PercentLEL
0.0,,,1/9/2018 7:14:30 PM,1/9/2018 5:14:30 PM,1/1/0001 12:00:00 AM,False,,,PPM,False,0.0,31,None,4,H2S,PercentLEL
0.0,,,1/9/2018 7:15:30 PM,1/9/2018 5:15:30 PM,1/1/0001 12:00:00 AM,False,,,PPM,False,0.0,31,None,4,H2S,PercentLEL
0.0,,,1/9/2018 7:16:30 PM,1/9/2018 5:16:30 PM,1/1/0001 12:00:00 AM,False,,,PPM,False,0.0,31,None,4,H2S,PercentLEL
0.0,,,1/9/2018 7:17:30 PM,1/9/2018 5:17:30 PM,1/1/0001 12:00:00 AM,False,,,PPM,False,0.0,31,None,4,H2S,PercentLEL
0.0,,,1/9/2018 7:18:30 PM,1/9/2018 5:18:30 PM,1/1/0001 12:00:00 AM,False,,,PPM,False,0.0,31,None,4,H2S,PercentLEL
0.0,,,1/9/2018 7:19:30 PM,1/9/2018 5:19:30 PM,1/1/0001 12:00:00 AM,False,,,PPM,False,0.0,31,None,4,H2S,PercentLEL
0.0,,,1/9/2018 7:20:30 PM,1/9/2018 5:20:30 PM,1/1/0001 12:00:00 AM,False,,,PPM,False,0.0,31,None,4,H2S,PercentLEL
0.0,,,1/9/2018 7:21:30 PM,1/9/2018 5:21:30 PM,1/1/0001 12:00:00 AM,False,,,PPM,False,0.0,31,None,4,H2S,PercentLEL
0.0,,,1/9/2018 7:22:30 PM,1/9/2018 5:22:30 PM,1/1/0001 12:00:00 AM,False,,,PPM,False,0.0,31,None,4,H2S,PercentLEL
0.0,,,1/9/2018 7:23:30 PM,1/9/2018 5:23:30 PM,1/1/0001 12:00:00 AM,False,,,PPM,False,0.0,31,None,4,H2S,PercentLEL
0.0,,,1/9/2018 7:24:30 PM,1/9/2018 5:24:30 PM,1/1/0001 12:00:00 AM,False,,,PPM,False,0.0,31,None,4,H2S,PercentLEL
0.0,,,1/9/2018 7:25:30 PM,1/9/2018 5:25:30 PM,1/1/0001 12:00:00 AM,False,,,PPM,False,0.0,31,None,4,H2S,PercentLEL
0.0,,,1/9/2018 7:26:30 PM,1/9/2018 5:26:30 PM,1/1/0001 12:00:00 AM,False,,,PPM,False,0.0,31,None,4,H2S,PercentLEL
0.0,,,1/9/2018 7:27:30 PM,1/9/2018 5:27:30 PM,1/1/0001 12:00:00 AM,False,,,PPM,False,0.0,34,None,4,H2S,PercentLEL
0.0,,0.0,2/7/2018 7:00:30 AM,2/7/2018 5:00:30 AM,1/1/0001 12:00:00 AM,True,1.38,1.65,PercentMethane,False,0.0,27,Calibration,1,Methane,PercentLEL
0.0,,0.0,2/7/2018 7:01:30 AM,2/7/2018 5:01:30 AM,1/1/0001 12:00:00 AM,True,1.38,1.65,PercentMethane,False,0.0,27,Calibration,1,Methane,PercentLEL
0.0,,0.0,2/7/2018 7:02:30 AM,2/7/2018 5:02:30 AM,1/1/0001 12:00:00 AM,True,1.38,1.65,PercentMethane,False,0.0,28,Calibration,1,Methane,PercentLEL
0.0,,0.0,2/7/2018 7:03:30 AM,2/7/2018 5:03:30 AM,1/1/0001 12:00:00 AM,True,1.38,1.65,PercentMethane,False,0.0,28,Calibration,1,Methane,PercentLEL
0.0,,0.0,2/7/2018 7:04:30 AM,2/7/2018 5:04:30 AM,1/1/0001 12:00:00 AM,True,1.38,1.65,PercentMethane,False,0.0,28,Calibration,1,Methane,PercentLEL
0.0,,0.0,2/7/2018 7:05:30 AM,2/7/2018 5:05:30 AM,1/1/0001 12:00:00 AM,True,1.38,1.65,PercentMethane,False,0.0,28,Calibration,1,Methane,PercentLEL
0.0,,0.0,2/7/2018 7:06:30 AM,2/7/2018 5:06:30 AM,1/1/0001 12:00:00 AM,True,1.38,1.65,PercentMethane,False,0.0,28,Calibration,1,Methane,PercentLEL
0.0,,0.0,2/7/2018 7:07:30 AM,2/7/2018 5:07:30 AM,1/1/0001 12:00:00 AM,True,1.38,1.65,PercentMethane,False,0.0,28,Calibration,1,Methane,PercentLEL
0.0,,0.0,2/7/2018 7:08:30 AM,2/7/2018 5:08:30 AM,1/1/0001 12:00:00 AM,True,1.38,1.65,PercentMethane,False,0.0,28,Calibration,1,Methane,PercentLEL
0.0,,0.0,2/7/2018 7:09:30 AM,2/7/2018 5:09:30 AM,1/1/0001 12:00:00 AM,True,1.38,1.65,PercentMethane,False,0.0,28,Calibration,1,Methane,PercentLEL
0.0,,0.0,2/7/2018 7:10:30 AM,2/7/2018 5:10:30 AM,1/1/0001 12:00:00 AM,True,1.38,1.65,PercentMethane,False,0.0,28,Calibration,1,Methane,PercentLEL
0.0,,0.0,2/7/2018 7:11:30 AM,2/7/2018 5:11:30 AM,1/1/0001 12:00:00 AM,True,1.38,1.65,PercentMethane,False,0.0,28,Calibration,1,Methane,PercentLEL
0.0,,0.0,2/7/2018 7:12:30 AM,2/7/2018 5:12:30 AM,1/1/0001 12:00:00 AM,True,1.38,1.65,PercentMethane,False,0.0,28,Calibration,1,Methane,PercentLEL
0.0,,0.0,2/7/2018 7:13:30 AM,2/7/2018 5:13:30 AM,1/1/0001 12:00:00 AM,True,1.38,1.65,PercentMethane,False,0.0,28,Calibration,1,Methane,PercentLEL
0.0,,0.0,2/7/2018 7:14:30 AM,2/7/2018 5:14:30 AM,1/1/0001 12:00:00 AM,True,1.38,1.65,PercentMethane,False,0.0,28,Calibration,1,Methane,PercentLEL
0.0,,0.0,2/7/2018 7:15:30 AM,2/7/2018 5:15:30 AM,1/1/0001 12:00:00 AM,True,1.38,1.65,PercentMethane,False,0.0,28,Calibration,1,Methane,PercentLEL
47.0,,0.0,2/7/2018 7:00:30 AM,2/7/2018 5:00:30 AM,1/1/0001 12:00:00 AM,True,173.0,162.0,PPM,False,49.0,27,Calibration,3,CO,PercentLEL
48.0,,0.0,2/7/2018 7:01:30 AM,2/7/2018 5:01:30 AM,1/1/0001 12:00:00 AM,True,173.0,162.0,PPM,False,50.0,27,Calibration,3,CO,PercentLEL
48.0,,0.0,2/7/2018 7:02:30 AM,2/7/2018 5:02:30 AM,1/1/0001 12:00:00 AM,True,173.0,162.0,PPM,False,50.0,28,Calibration,3,CO,PercentLEL
50.0,,0.0,2/7/2018 7:03:30 AM,2/7/2018 5:03:30 AM,1/1/0001 12:00:00 AM,True,173.0,162.0,PPM,False,53.0,28,Calibration,3,CO,PercentLEL
51.0,,0.0,2/7/2018 7:04:30 AM,2/7/2018 5:04:30 AM,1/1/0001 12:00:00 AM,True,173.0,162.0,PPM,False,53.0,28,Calibration,3,CO,PercentLEL
52.0,,0.0,2/7/2018 7:05:30 AM,2/7/2018 5:05:30 AM,1/1/0001 12:00:00 AM,True,173.0,162.0,PPM,False,53.0,28,Calibration,3,CO,PercentLEL
53.0,,0.0,2/7/2018 7:06:30 AM,2/7/2018 5:06:30 AM,1/1/0001 12:00:00 AM,True,173.0,162.0,PPM,False,55.0,28,Calibration,3,CO,PercentLEL
54.0,,0.0,2/7/2018 7:07:30 AM,2/7/2018 5:07:30 AM,1/1/0001 12:00:00 AM,True,173.0,162.0,PPM,False,56.0,28,Calibration,3,CO,PercentLEL
56.0,,0.0,2/7/2018 7:08:30 AM,2/7/2018 5:08:30 AM,1/1/0001 12:00:00 AM,True,173.0,162.0,PPM,False,57.0,28,Calibration,3,CO,PercentLEL
56.0,,0.0,2/7/2018 7:09:30 AM,2/7/2018 5:09:30 AM,1/1/0001 12:00:00 AM,True,173.0,162.0,PPM,False,58.0,28,Calibration,3,CO,PercentLEL
59.0,,0.0,2/7/2018 7:10:30 AM,2/7/2018 5:10:30 AM,1/1/0001 12:00:00 AM,True,173.0,162.0,PPM,False,61.0,28,Calibration,3,CO,PercentLEL
59.0,,0.0,2/7/2018 7:11:30 AM,2/7/2018 5:11:30 AM,1/1/0001 12:00:00 AM,True,173.0,162.0,PPM,False,61.0,28,Calibration,3,CO,PercentLEL
61.0,,0.0,2/7/2018 7:12:30 AM,2/7/2018 5:12:30 AM,1/1/0001 12:00:00 AM,True,173.0,162.0,PPM,False,63.0,28,Calibration,3,CO,PercentLEL
63.0,,0.0,2/7/2018 7:13:30 AM,2/7/2018 5:13:30 AM,1/1/0001 12:00:00 AM,True,173.0,162.0,PPM,False,65.0,28,Calibration,3,CO,PercentLEL
64.0,,0.0,2/7/2018 7:14:30 AM,2/7/2018 5:14:30 AM,1/1/0001 12:00:00 AM,True,173.0,162.0,PPM,False,66.0,28,Calibration,3,CO,PercentLEL
66.0,,0.0,2/7/2018 7:15:30 AM,2/7/2018 5:15:30 AM,1/1/0001 12:00:00 AM,True,173.0,162.0,PPM,False,67.0,28,Calibration,3,CO,PercentLEL
0.0,,,2/7/2018 7:00:30 AM,2/7/2018 5:00:30 AM,1/1/0001 12:00:00 AM,False,,,PPM,False,0.0,27,None,4,H2S,PercentLEL
0.0,,,2/7/2018 7:01:30 AM,2/7/2018 5:01:30 AM,1/1/0001 12:00:00 AM,False,,,PPM,False,0.0,27,None,4,H2S,PercentLEL
0.0,,,2/7/2018 7:02:30 AM,2/7/2018 5:02:30 AM,1/1/0001 12:00:00 AM,False,,,PPM,False,0.0,28,None,4,H2S,PercentLEL
0.0,,,2/7/2018 7:03:30 AM,2/7/2018 5:03:30 AM,1/1/0001 12:00:00 AM,False,,,PPM,False,0.0,28,None,4,H2S,PercentLEL
0.0,,,2/7/2018 7:04:30 AM,2/7/2018 5:04:30 AM,1/1/0001 12:00:00 AM,False,,,PPM,False,0.0,28,None,4,H2S,PercentLEL
0.0,,,2/7/2018 7:05:30 AM,2/7/2018 5:05:30 AM,1/1/0001 12:00:00 AM,False,,,PPM,False,0.0,28,None,4,H2S,PercentLEL
0.0,,,2/7/2018 7:06:30 AM,2/7/2018 5:06:30 AM,1/1/0001 12:00:00 AM,False,,,PPM,False,0.0,28,None,4,H2S,PercentLEL
0.0,,,2/7/2018 7:07:30 AM,2/7/2018 5:07:30 AM,1/1/0001 12:00:00 AM,False,,,PPM,False,0.0,28,None,4,H2S,PercentLEL
0.0,,,2/7/2018 7:08:30 AM,2/7/2018 5:08:30 AM,1/1/0001 12:00:00 AM,False,,,PPM,False,0.0,28,None,4,H2S,PercentLEL
0.0,,,2/7/2018 7:09:30 AM,2/7/2018 5:09:30 AM,1/1/0001 12:00:00 AM,False,,,PPM,False,0.0,28,None,4,H2S,PercentLEL
0.0,,,2/7/2018 7:10:30 AM,2/7/2018 5:10:30 AM,1/1/0001 12:00:00 AM,False,,,PPM,False,0.0,28,None,4,H2S,PercentLEL
0.0,,,2/7/2018 7:11:30 AM,2/7/2018 5:11:30 AM,1/1/0001 12:00:00 AM,False,,,PPM,False,0.0,28,None,4,H2S,PercentLEL
0.0,,,2/7/2018 7:12:30 AM,2/7/2018 5:12:30 AM,1/1/0001 12:00:00 AM,False,,,PPM,False,0.0,28,None,4,H2S,PercentLEL
0.0,,,2/7/2018 7:13:30 AM,2/7/2018 5:13:30 AM,1/1/0001 12:00:00 AM,False,,,PPM,False,0.0,28,None,4,H2S,PercentLEL
0.0,,,2/7/2018 7:14:30 AM,2/7/2018 5:14:30 AM,1/1/0001 12:00:00 AM,False,,,PPM,False,0.0,28,None,4,H2S,PercentLEL
0.0,,,2/7/2018 7:15:30 AM,2/7/2018 5:15:30 AM,1/1/0001 12:00:00 AM,False,,,PPM,False,0.0,28,None,4,H2S,PercentLEL
0.0,,0.0,1/11/2018 5:25:30 AM,1/11/2018 3:25:30 AM,1/1/0001 12:00:00 AM,True,1.38,1.4,PercentMethane,False,0.0,25,Calibration,1,Methane,PercentLEL
0.0,,0.0,1/11/2018 5:26:30 AM,1/11/2018 3:26:30 AM,1/1/0001 12:00:00 AM,True,1.38,1.4,PercentMethane,False,0.0,25,Calibration,1,Methane,PercentLEL
0.0,,0.0,1/11/2018 5:27:30 AM,1/11/2018 3:27:30 AM,1/1/0001 12:00:00 AM,True,1.38,1.4,PercentMethane,False,0.0500000007450581,25,Calibration,1,Methane,PercentLEL
0.0,,0.0,1/11/2018 5:28:30 AM,1/11/2018 3:28:30 AM,1/1/0001 12:00:00 AM,True,1.38,1.4,PercentMethane,False,0.0,25,Calibration,1,Methane,PercentLEL
0.0,,0.0,1/11/2018 5:25:30 AM,1/11/2018 3:25:30 AM,1/1/0001 12:00:00 AM,True,173.0,187.0,PPM,False,1.0,25,Calibration,3,CO,PercentLEL
0.0,,0.0,1/11/2018 5:26:30 AM,1/11/2018 3:26:30 AM,1/1/0001 12:00:00 AM,True,173.0,187.0,PPM,False,1.0,25,Calibration,3,CO,PercentLEL
10.0,,0.0,1/11/2018 5:27:30 AM,1/11/2018 3:27:30 AM,1/1/0001 12:00:00 AM,True,173.0,187.0,PPM,False,77.0,25,Calibration,3,CO,PercentLEL
0.0,,0.0,1/11/2018 5:28:30 AM,1/11/2018 3:28:30 AM,1/1/0001 12:00:00 AM,True,173.0,187.0,PPM,False,1.0,25,Calibration,3,CO,PercentLEL
0.0,,,1/11/2018 5:25:30 AM,1/11/2018 3:25:30 AM,1/1/0001 12:00:00 AM,False,,,PPM,False,0.0,25,None,4,H2S,PercentLEL
0.0,,,1/11/2018 5:26:30 AM,1/11/2018 3:26:30 AM,1/1/0001 12:00:00 AM,False,,,PPM,False,0.0,25,None,4,H2S,PercentLEL
0.0,,,1/11/2018 5:27:30 AM,1/11/2018 3:27:30 AM,1/1/0001 12:00:00 AM,False,,,PPM,False,0.0,25,None,4,H2S,PercentLEL
0.0,,,1/11/2018 5:28:30 AM,1/11/2018 3:28:30 AM,1/1/0001 12:00:00 AM,False,,,PPM,False,0.0,25,None,4,H2S,PercentLEL
0.45000001788139293,,0.0,1/9/2018 1:46:30 PM,1/9/2018 11:46:30 AM,1/1/0001 12:00:00 AM,True,1.38,0.95,PercentMethane,False,0.45000001788139293,26,Calibration,1,Methane,PercentLEL
0.45000001788139293,,0.0,1/9/2018 1:47:30 PM,1/9/2018 11:47:30 AM,1/1/0001 12:00:00 AM,True,1.38,0.95,PercentMethane,False,0.45000001788139293,26,Calibration,1,Methane,PercentLEL
0.45000001788139293,,0.0,1/9/2018 1:48:30 PM,1/9/2018 11:48:30 AM,1/1/0001 12:00:00 AM,True,1.38,0.95,PercentMethane,False,0.5,26,Calibration,1,Methane,PercentLEL
0.45000001788139293,,0.0,1/9/2018 1:49:30 PM,1/9/2018 11:49:30 AM,1/1/0001 12:00:00 AM,True,1.38,0.95,PercentMethane,False,0.5,26,Calibration,1,Methane,PercentLEL
0.0,,0.0,1/9/2018 1:46:30 PM,1/9/2018 11:46:30 AM,1/1/0001 12:00:00 AM,True,173.0,175.0,PPM,False,1.0,26,Calibration,3,CO,PercentLEL
0.0,,0.0,1/9/2018 1:47:30 PM,1/9/2018 11:47:30 AM,1/1/0001 12:00:00 AM,True,173.0,175.0,PPM,False,0.0,26,Calibration,3,CO,PercentLEL
0.0,,0.0,1/9/2018 1:48:30 PM,1/9/2018 11:48:30 AM,1/1/0001 12:00:00 AM,True,173.0,175.0,PPM,False,0.0,26,Calibration,3,CO,PercentLEL
0.0,,0.0,1/9/2018 1:49:30 PM,1/9/2018 11:49:30 AM,1/1/0001 12:00:00 AM,True,173.0,175.0,PPM,False,0.0,26,Calibration,3,CO,PercentLEL
0.0,,,1/9/2018 1:46:30 PM,1/9/2018 11:46:30 AM,1/1/0001 12:00:00 AM,False,,,PPM,False,0.0,26,None,4,H2S,PercentLEL
0.0,,,1/9/2018 1:47:30 PM,1/9/2018 11:47:30 AM,1/1/0001 12:00:00 AM,False,,,PPM,False,0.0,26,None,4,H2S,PercentLEL
0.0,,,1/9/2018 1:48:30 PM,1/9/2018 11:48:30 AM,1/1/0001 12:00:00 AM,False,,,PPM,False,0.0,26,None,4,H2S,PercentLEL
0.0,,,1/9/2018 1:49:30 PM,1/9/2018 11:49:30 AM,1/1/0001 12:00:00 AM,False,,,PPM,False,0.0,26,None,4,H2S,PercentLEL
0.0,,0.0,1/15/2018 7:58:30 AM,1/15/2018 5:58:30 AM,1/1/0001 12:00:00 AM,True,1.38,1.7,PercentMethane,False,0.0,30,Calibration,1,Methane,PercentLEL
0.0,,0.0,1/15/2018 7:59:30 AM,1/15/2018 5:59:30 AM,1/1/0001 12:00:00 AM,True,1.38,1.7,PercentMethane,False,0.0,30,Calibration,1,Methane,PercentLEL
0.0500000007450581,,0.0,1/15/2018 8:00:30 AM,1/15/2018 6:00:30 AM,1/1/0001 12:00:00 AM,True,1.38,1.7,PercentMethane,False,0.25,30,Calibration,1,Methane,PercentLEL
0.0,,0.0,1/15/2018 8:01:30 AM,1/15/2018 6:01:30 AM,1/1/0001 12:00:00 AM,True,1.38,1.7,PercentMethane,False,0.0,30,Calibration,1,Methane,PercentLEL
0.0,,0.0,1/15/2018 8:02:30 AM,1/15/2018 6:02:30 AM,1/1/0001 12:00:00 AM,True,1.38,1.7,PercentMethane,False,0.0,30,Calibration,1,Methane,PercentLEL
0.0,,0.0,1/15/2018 8:03:30 AM,1/15/2018 6:03:30 AM,1/1/0001 12:00:00 AM,True,1.38,1.7,PercentMethane,False,0.100000001490116,30,Calibration,1,Methane,PercentLEL
0.0500000007450581,,0.0,1/15/2018 8:04:30 AM,1/15/2018 6:04:30 AM,1/1/0001 12:00:00 AM,True,1.38,1.7,PercentMethane,False,0.150000005960464,30,Calibration,1,Methane,PercentLEL
0.0,,0.0,1/15/2018 8:05:30 AM,1/15/2018 6:05:30 AM,1/1/0001 12:00:00 AM,True,1.38,1.7,PercentMethane,False,0.0,30,Calibration,1,Methane,PercentLEL
0.0,,0.0,1/15/2018 8:06:30 AM,1/15/2018 6:06:30 AM,1/1/0001 12:00:00 AM,True,1.38,1.7,PercentMethane,False,0.0,32,Calibration,1,Methane,PercentLEL
0.0,,0.0,1/15/2018 8:07:30 AM,1/15/2018 6:07:30 AM,1/1/0001 12:00:00 AM,True,1.38,1.7,PercentMethane,False,0.0,32,Calibration,1,Methane,PercentLEL
0.0,,0.0,1/15/2018 8:08:30 AM,1/15/2018 6:08:30 AM,1/1/0001 12:00:00 AM,True,1.38,1.7,PercentMethane,False,0.0,32,Calibration,1,Methane,PercentLEL
0.0,,0.0,1/15/2018 8:09:30 AM,1/15/2018 6:09:30 AM,1/1/0001 12:00:00 AM,True,1.38,1.7,PercentMethane,False,0.0,32,Calibration,1,Methane,PercentLEL
0.0,,0.0,1/15/2018 8:10:30 AM,1/15/2018 6:10:30 AM,1/1/0001 12:00:00 AM,True,1.38,1.7,PercentMethane,False,0.0,32,Calibration,1,Methane,PercentLEL
0.0,,0.0,1/15/2018 7:58:30 AM,1/15/2018 5:58:30 AM,1/1/0001 12:00:00 AM,True,173.0,168.0,PPM,False,1.0,30,Calibration,3,CO,PercentLEL
0.0,,0.0,1/15/2018 7:59:30 AM,1/15/2018 5:59:30 AM,1/1/0001 12:00:00 AM,True,173.0,168.0,PPM,False,1.0,30,Calibration,3,CO,PercentLEL
43.0,,0.0,1/15/2018 8:00:30 AM,1/15/2018 6:00:30 AM,1/1/0001 12:00:00 AM,True,173.0,168.0,PPM,False,72.0,30,Calibration,3,CO,PercentLEL
22.0,,0.0,1/15/2018 8:01:30 AM,1/15/2018 6:01:30 AM,1/1/0001 12:00:00 AM,True,173.0,168.0,PPM,False,46.0,30,Calibration,3,CO,PercentLEL
9.0,,0.0,1/15/2018 8:02:30 AM,1/15/2018 6:02:30 AM,1/1/0001 12:00:00 AM,True,173.0,168.0,PPM,False,11.0,30,Calibration,3,CO,PercentLEL
20.0,,0.0,1/15/2018 8:03:30 AM,1/15/2018 6:03:30 AM,1/1/0001 12:00:00 AM,True,173.0,168.0,PPM,False,77.0,30,Calibration,3,CO,PercentLEL
81.0,,0.0,1/15/2018 8:04:30 AM,1/15/2018 6:04:30 AM,1/1/0001 12:00:00 AM,True,173.0,168.0,PPM,False,108.0,30,Calibration,3,CO,PercentLEL
23.0,,0.0,1/15/2018 8:05:30 AM,1/15/2018 6:05:30 AM,1/1/0001 12:00:00 AM,True,173.0,168.0,PPM,False,55.0,30,Calibration,3,CO,PercentLEL
8.0,,0.0,1/15/2018 8:06:30 AM,1/15/2018 6:06:30 AM,1/1/0001 12:00:00 AM,True,173.0,168.0,PPM,False,11.0,32,Calibration,3,CO,PercentLEL
5.0,,0.0,1/15/2018 8:07:30 AM,1/15/2018 6:07:30 AM,1/1/0001 12:00:00 AM,True,173.0,168.0,PPM,False,7.0,32,Calibration,3,CO,PercentLEL
4.0,,0.0,1/15/2018 8:08:30 AM,1/15/2018 6:08:30 AM,1/1/0001 12:00:00 AM,True,173.0,168.0,PPM,False,6.0,32,Calibration,3,CO,PercentLEL
0.0,,0.0,1/15/2018 8:09:30 AM,1/15/2018 6:09:30 AM,1/1/0001 12:00:00 AM,True,173.0,168.0,PPM,False,4.0,32,Calibration,3,CO,PercentLEL
0.0,,0.0,1/15/2018 8:10:30 AM,1/15/2018 6:10:30 AM,1/1/0001 12:00:00 AM,True,173.0,168.0,PPM,False,1.0,32,Calibration,3,CO,PercentLEL
0.0,,,1/15/2018 7:58:30 AM,1/15/2018 5:58:30 AM,1/1/0001 12:00:00 AM,False,,,PPM,False,0.0,30,None,4,H2S,PercentLEL
0.0,,,1/15/2018 7:59:30 AM,1/15/2018 5:59:30 AM,1/1/0001 12:00:00 AM,False,,,PPM,False,0.0,30,None,4,H2S,PercentLEL
0.0,,,1/15/2018 8:00:30 AM,1/15/2018 6:00:30 AM,1/1/0001 12:00:00 AM,False,,,PPM,False,0.0,30,None,4,H2S,PercentLEL
0.0,,,1/15/2018 8:01:30 AM,1/15/2018 6:01:30 AM,1/1/0001 12:00:00 AM,False,,,PPM,False,0.0,30,None,4,H2S,PercentLEL
0.0,,,1/15/2018 8:02:30 AM,1/15/2018 6:02:30 AM,1/1/0001 12:00:00 AM,False,,,PPM,False,0.0,30,None,4,H2S,PercentLEL
0.0,,,1/15/2018 8:03:30 AM,1/15/2018 6:03:30 AM,1/1/0001 12:00:00 AM,False,,,PPM,False,0.0,30,None,4,H2S,PercentLEL
0.0,,,1/15/2018 8:04:30 AM,1/15/2018 6:04:30 AM,1/1/0001 12:00:00 AM,False,,,PPM,False,0.0,30,None,4,H2S,PercentLEL
0.0,,,1/15/2018 8:05:30 AM,1/15/2018 6:05:30 AM,1/1/0001 12:00:00 AM,False,,,PPM,False,0.0,30,None,4,H2S,PercentLEL
0.0,,,1/15/2018 8:06:30 AM,1/15/2018 6:06:30 AM,1/1/0001 12:00:00 AM,False,,,PPM,False,0.0,32,None,4,H2S,PercentLEL
0.0,,,1/15/2018 8:07:30 AM,1/15/2018 6:07:30 AM,1/1/0001 12:00:00 AM,False,,,PPM,False,0.0,32,None,4,H2S,PercentLEL
0.0,,,1/15/2018 8:08:30 AM,1/15/2018 6:08:30 AM,1/1/0001 12:00:00 AM,False,,,PPM,False,0.0,32,None,4,H2S,PercentLEL
0.0,,,1/15/2018 8:09:30 AM,1/15/2018 6:09:30 AM,1/1/0001 12:00:00 AM,False,,,PPM,False,0.0,32,None,4,H2S,PercentLEL
0.0,,,1/15/2018 8:10:30 AM,1/15/2018 6:10:30 AM,1/1/0001 12:00:00 AM,False,,,PPM,False,0.0,32,None,4,H2S,PercentLEL
0.5,,0.0,1/4/2018 1:07:00 PM,1/4/2018 11:07:00 AM,1/1/0001 12:00:00 AM,True,1.38,0.95,PercentMethane,False,0.550000011920929,28,Calibration,1,Methane,PercentLEL
0.5,,0.0,1/4/2018 1:15:30 PM,1/4/2018 11:15:30 AM,1/1/0001 12:00:00 AM,True,1.38,0.95,PercentMethane,False,0.550000011920929,29,Calibration,1,Methane,PercentLEL
0.0,,0.0,1/4/2018 1:07:00 PM,1/4/2018 11:07:00 AM,1/1/0001 12:00:00 AM,True,173.0,175.0,PPM,False,0.0,28,Calibration,3,CO,PercentLEL
0.0,,0.0,1/4/2018 1:15:30 PM,1/4/2018 11:15:30 AM,1/1/0001 12:00:00 AM,True,173.0,175.0,PPM,False,0.0,29,Calibration,3,CO,PercentLEL
0.0,,,1/4/2018 1:07:00 PM,1/4/2018 11:07:00 AM,1/1/0001 12:00:00 AM,False,,,PPM,False,0.0,28,None,4,H2S,PercentLEL
0.0,,,1/4/2018 1:15:30 PM,1/4/2018 11:15:30 AM,1/1/0001 12:00:00 AM,False,,,PPM,False,0.0,29,None,4,H2S,PercentLEL
0.400000005960464,,0.0,1/5/2018 2:27:45 PM,1/5/2018 12:27:45 PM,1/1/0001 12:00:00 AM,True,1.38,0.95,PercentMethane,False,0.45000001788139293,27,Calibration,1,Methane,PercentLEL
0.400000005960464,,0.0,1/5/2018 2:28:45 PM,1/5/2018 12:28:45 PM,1/1/0001 12:00:00 AM,True,1.38,0.95,PercentMethane,False,0.45000001788139293,27,Calibration,1,Methane,PercentLEL
0.45000001788139293,,0.0,1/5/2018 2:29:45 PM,1/5/2018 12:29:45 PM,1/1/0001 12:00:00 AM,True,1.38,0.95,PercentMethane,False,0.5,27,Calibration,1,Methane,PercentLEL
0.0,,0.0,1/5/2018 2:27:45 PM,1/5/2018 12:27:45 PM,1/1/0001 12:00:00 AM,True,173.0,175.0,PPM,False,1.0,27,Calibration,3,CO,PercentLEL
0.0,,0.0,1/5/2018 2:28:45 PM,1/5/2018 12:28:45 PM,1/1/0001 12:00:00 AM,True,173.0,175.0,PPM,False,0.0,27,Calibration,3,CO,PercentLEL
0.0,,0.0,1/5/2018 2:29:45 PM,1/5/2018 12:29:45 PM,1/1/0001 12:00:00 AM,True,173.0,175.0,PPM,False,1.0,27,Calibration,3,CO,PercentLEL
0.0,,,1/5/2018 2:27:45 PM,1/5/2018 12:27:45 PM,1/1/0001 12:00:00 AM,False,,,PPM,False,0.0,27,None,4,H2S,PercentLEL
0.0,,,1/5/2018 2:28:45 PM,1/5/2018 12:28:45 PM,1/1/0001 12:00:00 AM,False,,,PPM,False,0.0,27,None,4,H2S,PercentLEL
0.0,,,1/5/2018 2:29:45 PM,1/5/2018 12:29:45 PM,1/1/0001 12:00:00 AM,False,,,PPM,False,0.0,27,None,4,H2S,PercentLEL
0.5,,0.0,1/4/2018 1:05:00 PM,1/4/2018 11:05:00 AM,1/1/0001 12:00:00 AM,True,1.38,0.95,PercentMethane,False,0.550000011920929,28,Calibration,1,Methane,PercentLEL
0.5,,0.0,1/4/2018 1:06:00 PM,1/4/2018 11:06:00 AM,1/1/0001 12:00:00 AM,True,1.38,0.95,PercentMethane,False,0.5,28,Calibration,1,Methane,PercentLEL
0.0,,0.0,1/4/2018 1:05:00 PM,1/4/2018 11:05:00 AM,1/1/0001 12:00:00 AM,True,173.0,175.0,PPM,False,0.0,28,Calibration,3,CO,PercentLEL
0.0,,0.0,1/4/2018 1:06:00 PM,1/4/2018 11:06:00 AM,1/1/0001 12:00:00 AM,True,173.0,175.0,PPM,False,0.0,28,Calibration,3,CO,PercentLEL
0.0,,,1/4/2018 1:05:00 PM,1/4/2018 11:05:00 AM,1/1/0001 12:00:00 AM,False,,,PPM,False,0.0,28,None,4,H2S,PercentLEL
0.0,,,1/4/2018 1:06:00 PM,1/4/2018 11:06:00 AM,1/1/0001 12:00:00 AM,False,,,PPM,False,0.0,28,None,4,H2S,PercentLEL
0.0,,0.0,1/8/2018 8:48:45 AM,1/8/2018 6:48:45 AM,1/1/0001 12:00:00 AM,True,1.38,1.2,PercentMethane,False,0.0,31,Calibration,1,Methane,PercentLEL
0.0,,0.0,1/8/2018 8:49:45 AM,1/8/2018 6:49:45 AM,1/1/0001 12:00:00 AM,True,1.38,1.2,PercentMethane,False,0.0,31,Calibration,1,Methane,PercentLEL
0.0,,0.0,1/8/2018 8:50:45 AM,1/8/2018 6:50:45 AM,1/1/0001 12:00:00 AM,True,1.38,1.2,PercentMethane,False,0.0,31,Calibration,1,Methane,PercentLEL
0.0,,0.0,1/8/2018 8:51:45 AM,1/8/2018 6:51:45 AM,1/1/0001 12:00:00 AM,True,1.38,1.2,PercentMethane,False,0.0,31,Calibration,1,Methane,PercentLEL
0.0,,0.0,1/8/2018 8:52:45 AM,1/8/2018 6:52:45 AM,1/1/0001 12:00:00 AM,True,1.38,1.2,PercentMethane,False,0.0,33,Calibration,1,Methane,PercentLEL
0.0,,0.0,1/8/2018 8:53:45 AM,1/8/2018 6:53:45 AM,1/1/0001 12:00:00 AM,True,1.38,1.2,PercentMethane,False,0.0,33,Calibration,1,Methane,PercentLEL
0.0,,0.0,1/8/2018 8:54:45 AM,1/8/2018 6:54:45 AM,1/1/0001 12:00:00 AM,True,1.38,1.2,PercentMethane,False,0.0,33,Calibration,1,Methane,PercentLEL
0.0,,0.0,1/8/2018 8:55:45 AM,1/8/2018 6:55:45 AM,1/1/0001 12:00:00 AM,True,1.38,1.2,PercentMethane,False,0.0,33,Calibration,1,Methane,PercentLEL
0.0,,0.0,1/8/2018 8:56:45 AM,1/8/2018 6:56:45 AM,1/1/0001 12:00:00 AM,True,1.38,1.2,PercentMethane,False,0.0,33,Calibration,1,Methane,PercentLEL
0.0,,0.0,1/8/2018 8:57:45 AM,1/8/2018 6:57:45 AM,1/1/0001 12:00:00 AM,True,1.38,1.2,PercentMethane,False,0.0,33,Calibration,1,Methane,PercentLEL
0.0,,0.0,1/8/2018 8:58:45 AM,1/8/2018 6:58:45 AM,1/1/0001 12:00:00 AM,True,1.38,1.2,PercentMethane,False,0.0,33,Calibration,1,Methane,PercentLEL
0.0,,0.0,1/8/2018 8:59:45 AM,1/8/2018 6:59:45 AM,1/1/0001 12:00:00 AM,True,1.38,1.2,PercentMethane,False,0.0,33,Calibration,1,Methane,PercentLEL
0.0,,0.0,1/8/2018 9:00:45 AM,1/8/2018 7:00:45 AM,1/1/0001 12:00:00 AM,True,1.38,1.2,PercentMethane,False,0.0,33,Calibration,1,Methane,PercentLEL
0.0,,0.0,1/8/2018 9:01:45 AM,1/8/2018 7:01:45 AM,1/1/0001 12:00:00 AM,True,1.38,1.2,PercentMethane,False,0.0,33,Calibration,1,Methane,PercentLEL
0.0,,0.0,1/8/2018 9:02:45 AM,1/8/2018 7:02:45 AM,1/1/0001 12:00:00 AM,True,1.38,1.2,PercentMethane,False,0.0,33,Calibration,1,Methane,PercentLEL
0.0,,0.0,1/8/2018 9:03:45 AM,1/8/2018 7:03:45 AM,1/1/0001 12:00:00 AM,True,1.38,1.2,PercentMethane,False,0.0,33,Calibration,1,Methane,PercentLEL
0.0,,0.0,1/8/2018 9:04:45 AM,1/8/2018 7:04:45 AM,1/1/0001 12:00:00 AM,True,1.38,1.2,PercentMethane,False,0.0,33,Calibration,1,Methane,PercentLEL
0.0,,0.0,1/8/2018 8:48:45 AM,1/8/2018 6:48:45 AM,1/1/0001 12:00:00 AM,True,173.0,175.0,PPM,False,0.0,31,Calibration,3,CO,PercentLEL
0.0,,0.0,1/8/2018 8:49:45 AM,1/8/2018 6:49:45 AM,1/1/0001 12:00:00 AM,True,173.0,175.0,PPM,False,1.0,31,Calibration,3,CO,PercentLEL
79.0,,0.0,1/8/2018 8:50:45 AM,1/8/2018 6:50:45 AM,1/1/0001 12:00:00 AM,True,173.0,175.0,PPM,False,244.0,31,Calibration,3,CO,PercentLEL
13.0,,0.0,1/8/2018 8:51:45 AM,1/8/2018 6:51:45 AM,1/1/0001 12:00:00 AM,True,173.0,175.0,PPM,False,80.0,31,Calibration,3,CO,PercentLEL
86.0,,0.0,1/8/2018 8:52:45 AM,1/8/2018 6:52:45 AM,1/1/0001 12:00:00 AM,True,173.0,175.0,PPM,False,219.0,33,Calibration,3,CO,PercentLEL
97.0,,0.0,1/8/2018 8:53:45 AM,1/8/2018 6:53:45 AM,1/1/0001 12:00:00 AM,True,173.0,175.0,PPM,False,192.0,33,Calibration,3,CO,PercentLEL
70.0,,0.0,1/8/2018 8:54:45 AM,1/8/2018 6:54:45 AM,1/1/0001 12:00:00 AM,True,173.0,175.0,PPM,False,110.0,33,Calibration,3,CO,PercentLEL
98.0,,0.0,1/8/2018 8:55:45 AM,1/8/2018 6:55:45 AM,1/1/0001 12:00:00 AM,True,173.0,175.0,PPM,False,143.0,33,Calibration,3,CO,PercentLEL
101.0,,0.0,1/8/2018 8:56:45 AM,1/8/2018 6:56:45 AM,1/1/0001 12:00:00 AM,True,173.0,175.0,PPM,False,212.0,33,Calibration,3,CO,PercentLEL
15.0,,0.0,1/8/2018 8:57:45 AM,1/8/2018 6:57:45 AM,1/1/0001 12:00:00 AM,True,173.0,175.0,PPM,False,25.0,33,Calibration,3,CO,PercentLEL
7.0,,0.0,1/8/2018 8:58:45 AM,1/8/2018 6:58:45 AM,1/1/0001 12:00:00 AM,True,173.0,175.0,PPM,False,13.0,33,Calibration,3,CO,PercentLEL
7.0,,0.0,1/8/2018 8:59:45 AM,1/8/2018 6:59:45 AM,1/1/0001 12:00:00 AM,True,173.0,175.0,PPM,False,9.0,33,Calibration,3,CO,PercentLEL
7.0,,0.0,1/8/2018 9:00:45 AM,1/8/2018 7:00:45 AM,1/1/0001 12:00:00 AM,True,173.0,175.0,PPM,False,9.0,33,Calibration,3,CO,PercentLEL
7.0,,0.0,1/8/2018 9:01:45 AM,1/8/2018 7:01:45 AM,1/1/0001 12:00:00 AM,True,173.0,175.0,PPM,False,9.0,33,Calibration,3,CO,PercentLEL
5.0,,0.0,1/8/2018 9:02:45 AM,1/8/2018 7:02:45 AM,1/1/0001 12:00:00 AM,True,173.0,175.0,PPM,False,11.0,33,Calibration,3,CO,PercentLEL
0.0,,0.0,1/8/2018 9:03:45 AM,1/8/2018 7:03:45 AM,1/1/0001 12:00:00 AM,True,173.0,175.0,PPM,False,1.0,33,Calibration,3,CO,PercentLEL
1.0,,0.0,1/8/2018 9:04:45 AM,1/8/2018 7:04:45 AM,1/1/0001 12:00:00 AM,True,173.0,175.0,PPM,False,4.0,33,Calibration,3,CO,PercentLEL
0.0,,,1/8/2018 8:48:45 AM,1/8/2018 6:48:45 AM,1/1/0001 12:00:00 AM,False,,,PPM,False,0.0,31,None,4,H2S,PercentLEL
0.0,,,1/8/2018 8:49:45 AM,1/8/2018 6:49:45 AM,1/1/0001 12:00:00 AM,False,,,PPM,False,0.0,31,None,4,H2S,PercentLEL
0.0,,,1/8/2018 8:50:45 AM,1/8/2018 6:50:45 AM,1/1/0001 12:00:00 AM,False,,,PPM,False,0.0,31,None,4,H2S,PercentLEL
0.0,,,1/8/2018 8:51:45 AM,1/8/2018 6:51:45 AM,1/1/0001 12:00:00 AM,False,,,PPM,False,0.0,31,None,4,H2S,PercentLEL
0.0,,,1/8/2018 8:52:45 AM,1/8/2018 6:52:45 AM,1/1/0001 12:00:00 AM,False,,,PPM,False,0.0,33,None,4,H2S,PercentLEL
0.0,,,1/8/2018 8:53:45 AM,1/8/2018 6:53:45 AM,1/1/0001 12:00:00 AM,False,,,PPM,False,0.0,33,None,4,H2S,PercentLEL
0.0,,,1/8/2018 8:54:45 AM,1/8/2018 6:54:45 AM,1/1/0001 12:00:00 AM,False,,,PPM,False,0.0,33,None,4,H2S,PercentLEL
0.0,,,1/8/2018 8:55:45 AM,1/8/2018 6:55:45 AM,1/1/0001 12:00:00 AM,False,,,PPM,False,0.0,33,None,4,H2S,PercentLEL
0.0,,,1/8/2018 8:56:45 AM,1/8/2018 6:56:45 AM,1/1/0001 12:00:00 AM,False,,,PPM,False,0.0,33,None,4,H2S,PercentLEL
0.0,,,1/8/2018 8:57:45 AM,1/8/2018 6:57:45 AM,1/1/0001 12:00:00 AM,False,,,PPM,False,0.0,33,None,4,H2S,PercentLEL
0.0,,,1/8/2018 8:58:45 AM,1/8/2018 6:58:45 AM,1/1/0001 12:00:00 AM,False,,,PPM,False,0.0,33,None,4,H2S,PercentLEL
0.0,,,1/8/2018 8:59:45 AM,1/8/2018 6:59:45 AM,1/1/0001 12:00:00 AM,False,,,PPM,False,0.0,33,None,4,H2S,PercentLEL
0.0,,,1/8/2018 9:00:45 AM,1/8/2018 7:00:45 AM,1/1/0001 12:00:00 AM,False,,,PPM,False,0.0,33,None,4,H2S,PercentLEL
0.0,,,1/8/2018 9:01:45 AM,1/8/2018 7:01:45 AM,1/1/0001 12:00:00 AM,False,,,PPM,False,0.0,33,None,4,H2S,PercentLEL
0.0,,,1/8/2018 9:02:45 AM,1/8/2018 7:02:45 AM,1/1/0001 12:00:00 AM,False,,,PPM,False,0.0,33,None,4,H2S,PercentLEL
0.0,,,1/8/2018 9:03:45 AM,1/8/2018 7:03:45 AM,1/1/0001 12:00:00 AM,False,,,PPM,False,0.0,33,None,4,H2S,PercentLEL
0.0,,,1/8/2018 9:04:45 AM,1/8/2018 7:04:45 AM,1/1/0001 12:00:00 AM,False,,,PPM,False,0.0,33,None,4,H2S,PercentLEL
0.0,,0.0,1/26/2018 1:45:00 PM,1/26/2018 11:45:00 AM,1/1/0001 12:00:00 AM,True,1.38,1.65,PercentMethane,False,0.0,31,Calibration,1,Methane,PercentLEL
0.0,,0.0,1/26/2018 1:46:00 PM,1/26/2018 11:46:00 AM,1/1/0001 12:00:00 AM,True,1.38,1.65,PercentMethane,False,0.0,31,Calibration,1,Methane,PercentLEL
0.0,,0.0,1/26/2018 1:47:00 PM,1/26/2018 11:47:00 AM,1/1/0001 12:00:00 AM,True,1.38,1.65,PercentMethane,False,0.0,31,Calibration,1,Methane,PercentLEL
0.0,,0.0,1/26/2018 1:48:00 PM,1/26/2018 11:48:00 AM,1/1/0001 12:00:00 AM,True,1.38,1.65,PercentMethane,False,0.0,31,Calibration,1,Methane,PercentLEL
0.0,,0.0,1/26/2018 1:49:00 PM,1/26/2018 11:49:00 AM,1/1/0001 12:00:00 AM,True,1.38,1.65,PercentMethane,False,0.0,31,Calibration,1,Methane,PercentLEL
0.0,,0.0,1/26/2018 1:45:00 PM,1/26/2018 11:45:00 AM,1/1/0001 12:00:00 AM,True,173.0,173.0,PPM,False,0.0,31,Calibration,3,CO,PercentLEL
0.0,,0.0,1/26/2018 1:46:00 PM,1/26/2018 11:46:00 AM,1/1/0001 12:00:00 AM,True,173.0,173.0,PPM,False,0.0,31,Calibration,3,CO,PercentLEL
50.0,,0.0,1/26/2018 1:47:00 PM,1/26/2018 11:47:00 AM,1/1/0001 12:00:00 AM,True,173.0,173.0,PPM,False,263.0,31,Calibration,3,CO,PercentLEL
1.0,,0.0,1/26/2018 1:48:00 PM,1/26/2018 11:48:00 AM,1/1/0001 12:00:00 AM,True,173.0,173.0,PPM,False,11.0,31,Calibration,3,CO,PercentLEL
0.0,,0.0,1/26/2018 1:49:00 PM,1/26/2018 11:49:00 AM,1/1/0001 12:00:00 AM,True,173.0,173.0,PPM,False,0.0,31,Calibration,3,CO,PercentLEL
0.0,,,1/26/2018 1:45:00 PM,1/26/2018 11:45:00 AM,1/1/0001 12:00:00 AM,False,,,PPM,False,0.0,31,None,4,H2S,PercentLEL
0.0,,,1/26/2018 1:46:00 PM,1/26/2018 11:46:00 AM,1/1/0001 12:00:00 AM,False,,,PPM,False,0.0,31,None,4,H2S,PercentLEL
0.0,,,1/26/2018 1:47:00 PM,1/26/2018 11:47:00 AM,1/1/0001 12:00:00 AM,False,,,PPM,False,0.0,31,None,4,H2S,PercentLEL
0.0,,,1/26/2018 1:48:00 PM,1/26/2018 11:48:00 AM,1/1/0001 12:00:00 AM,False,,,PPM,False,0.0,31,None,4,H2S,PercentLEL
0.0,,,1/26/2018 1:49:00 PM,1/26/2018 11:49:00 AM,1/1/0001 12:00:00 AM,False,,,PPM,False,0.0,31,None,4,H2S,PercentLEL
0.0,,0.0,1/10/2018 3:58:30 PM,1/10/2018 1:58:30 PM,1/1/0001 12:00:00 AM,True,1.38,1.4,PercentMethane,False,0.0,33,Calibration,1,Methane,PercentLEL
0.0,,0.0,1/10/2018 3:59:30 PM,1/10/2018 1:59:30 PM,1/1/0001 12:00:00 AM,True,1.38,1.4,PercentMethane,False,0.0,33,Calibration,1,Methane,PercentLEL
0.0,,0.0,1/10/2018 4:00:30 PM,1/10/2018 2:00:30 PM,1/1/0001 12:00:00 AM,True,1.38,1.4,PercentMethane,False,0.0,33,Calibration,1,Methane,PercentLEL
0.0,,0.0,1/10/2018 4:01:30 PM,1/10/2018 2:01:30 PM,1/1/0001 12:00:00 AM,True,1.38,1.4,PercentMethane,False,0.0,33,Calibration,1,Methane,PercentLEL
0.0,,0.0,1/10/2018 4:02:30 PM,1/10/2018 2:02:30 PM,1/1/0001 12:00:00 AM,True,1.38,1.4,PercentMethane,False,0.0,33,Calibration,1,Methane,PercentLEL
0.0,,0.0,1/10/2018 4:03:30 PM,1/10/2018 2:03:30 PM,1/1/0001 12:00:00 AM,True,1.38,1.4,PercentMethane,False,0.0,33,Calibration,1,Methane,PercentLEL
0.0,,0.0,1/10/2018 4:04:30 PM,1/10/2018 2:04:30 PM,1/1/0001 12:00:00 AM,True,1.38,1.4,PercentMethane,False,0.0,33,Calibration,1,Methane,PercentLEL
0.0,,0.0,1/10/2018 4:05:30 PM,1/10/2018 2:05:30 PM,1/1/0001 12:00:00 AM,True,1.38,1.4,PercentMethane,False,0.0,33,Calibration,1,Methane,PercentLEL
0.0,,0.0,1/10/2018 4:06:30 PM,1/10/2018 2:06:30 PM,1/1/0001 12:00:00 AM,True,1.38,1.4,PercentMethane,False,0.0,33,Calibration,1,Methane,PercentLEL
0.0,,0.0,1/10/2018 4:07:30 PM,1/10/2018 2:07:30 PM,1/1/0001 12:00:00 AM,True,1.38,1.4,PercentMethane,False,0.0,33,Calibration,1,Methane,PercentLEL
0.0,,0.0,1/10/2018 4:08:30 PM,1/10/2018 2:08:30 PM,1/1/0001 12:00:00 AM,True,1.38,1.4,PercentMethane,False,0.0,33,Calibration,1,Methane,PercentLEL
0.0,,0.0,1/10/2018 4:09:30 PM,1/10/2018 2:09:30 PM,1/1/0001 12:00:00 AM,True,1.38,1.4,PercentMethane,False,0.0,33,Calibration,1,Methane,PercentLEL
0.0,,0.0,1/10/2018 4:10:30 PM,1/10/2018 2:10:30 PM,1/1/0001 12:00:00 AM,True,1.38,1.4,PercentMethane,False,0.0,33,Calibration,1,Methane,PercentLEL
0.0,,0.0,1/10/2018 4:11:30 PM,1/10/2018 2:11:30 PM,1/1/0001 12:00:00 AM,True,1.38,1.4,PercentMethane,False,0.0,33,Calibration,1,Methane,PercentLEL
0.0,,0.0,1/10/2018 4:12:30 PM,1/10/2018 2:12:30 PM,1/1/0001 12:00:00 AM,True,1.38,1.4,PercentMethane,False,0.0,33,Calibration,1,Methane,PercentLEL
0.0,,0.0,1/10/2018 3:58:30 PM,1/10/2018 1:58:30 PM,1/1/0001 12:00:00 AM,True,173.0,187.0,PPM,False,1.0,33,Calibration,3,CO,PercentLEL
0.0,,0.0,1/10/2018 3:59:30 PM,1/10/2018 1:59:30 PM,1/1/0001 12:00:00 AM,True,173.0,187.0,PPM,False,3.0,33,Calibration,3,CO,PercentLEL
16.0,,0.0,1/10/2018 4:00:30 PM,1/10/2018 2:00:30 PM,1/1/0001 12:00:00 AM,True,173.0,187.0,PPM,False,30.0,33,Calibration,3,CO,PercentLEL
43.0,,0.0,1/10/2018 4:01:30 PM,1/10/2018 2:01:30 PM,1/1/0001 12:00:00 AM,True,173.0,187.0,PPM,False,52.0,33,Calibration,3,CO,PercentLEL
51.0,,0.0,1/10/2018 4:02:30 PM,1/10/2018 2:02:30 PM,1/1/0001 12:00:00 AM,True,173.0,187.0,PPM,False,54.0,33,Calibration,3,CO,PercentLEL
40.0,,0.0,1/10/2018 4:03:30 PM,1/10/2018 2:03:30 PM,1/1/0001 12:00:00 AM,True,173.0,187.0,PPM,False,47.0,33,Calibration,3,CO,PercentLEL
31.0,,0.0,1/10/2018 4:04:30 PM,1/10/2018 2:04:30 PM,1/1/0001 12:00:00 AM,True,173.0,187.0,PPM,False,37.0,33,Calibration,3,CO,PercentLEL
24.0,,0.0,1/10/2018 4:05:30 PM,1/10/2018 2:05:30 PM,1/1/0001 12:00:00 AM,True,173.0,187.0,PPM,False,28.0,33,Calibration,3,CO,PercentLEL
20.0,,0.0,1/10/2018 4:06:30 PM,1/10/2018 2:06:30 PM,1/1/0001 12:00:00 AM,True,173.0,187.0,PPM,False,23.0,33,Calibration,3,CO,PercentLEL
16.0,,0.0,1/10/2018 4:07:30 PM,1/10/2018 2:07:30 PM,1/1/0001 12:00:00 AM,True,173.0,187.0,PPM,False,20.0,33,Calibration,3,CO,PercentLEL
14.0,,0.0,1/10/2018 4:08:30 PM,1/10/2018 2:08:30 PM,1/1/0001 12:00:00 AM,True,173.0,187.0,PPM,False,17.0,33,Calibration,3,CO,PercentLEL
13.0,,0.0,1/10/2018 4:09:30 PM,1/10/2018 2:09:30 PM,1/1/0001 12:00:00 AM,True,173.0,187.0,PPM,False,15.0,33,Calibration,3,CO,PercentLEL
12.0,,0.0,1/10/2018 4:10:30 PM,1/10/2018 2:10:30 PM,1/1/0001 12:00:00 AM,True,173.0,187.0,PPM,False,14.0,33,Calibration,3,CO,PercentLEL
11.0,,0.0,1/10/2018 4:11:30 PM,1/10/2018 2:11:30 PM,1/1/0001 12:00:00 AM,True,173.0,187.0,PPM,False,13.0,33,Calibration,3,CO,PercentLEL
10.0,,0.0,1/10/2018 4:12:30 PM,1/10/2018 2:12:30 PM,1/1/0001 12:00:00 AM,True,173.0,187.0,PPM,False,12.0,33,Calibration,3,CO,PercentLEL
0.0,,,1/10/2018 3:58:30 PM,1/10/2018 1:58:30 PM,1/1/0001 12:00:00 AM,False,,,PPM,False,0.0,33,None,4,H2S,PercentLEL
0.0,,,1/10/2018 3:59:30 PM,1/10/2018 1:59:30 PM,1/1/0001 12:00:00 AM,False,,,PPM,False,0.0,33,None,4,H2S,PercentLEL
0.0,,,1/10/2018 4:00:30 PM,1/10/2018 2:00:30 PM,1/1/0001 12:00:00 AM,False,,,PPM,False,0.0,33,None,4,H2S,PercentLEL
0.0,,,1/10/2018 4:01:30 PM,1/10/2018 2:01:30 PM,1/1/0001 12:00:00 AM,False,,,PPM,False,0.0,33,None,4,H2S,PercentLEL
0.0,,,1/10/2018 4:02:30 PM,1/10/2018 2:02:30 PM,1/1/0001 12:00:00 AM,False,,,PPM,False,0.0,33,None,4,H2S,PercentLEL
0.0,,,1/10/2018 4:03:30 PM,1/10/2018 2:03:30 PM,1/1/0001 12:00:00 AM,False,,,PPM,False,0.0,33,None,4,H2S,PercentLEL
0.0,,,1/10/2018 4:04:30 PM,1/10/2018 2:04:30 PM,1/1/0001 12:00:00 AM,False,,,PPM,False,0.0,33,None,4,H2S,PercentLEL
0.0,,,1/10/2018 4:05:30 PM,1/10/2018 2:05:30 PM,1/1/0001 12:00:00 AM,False,,,PPM,False,0.0,33,None,4,H2S,PercentLEL
0.0,,,1/10/2018 4:06:30 PM,1/10/2018 2:06:30 PM,1/1/0001 12:00:00 AM,False,,,PPM,False,0.0,33,None,4,H2S,PercentLEL
0.0,,,1/10/2018 4:07:30 PM,1/10/2018 2:07:30 PM,1/1/0001 12:00:00 AM,False,,,PPM,False,0.0,33,None,4,H2S,PercentLEL
0.0,,,1/10/2018 4:08:30 PM,1/10/2018 2:08:30 PM,1/1/0001 12:00:00 AM,False,,,PPM,False,0.0,33,None,4,H2S,PercentLEL
0.0,,,1/10/2018 4:09:30 PM,1/10/2018 2:09:30 PM,1/1/0001 12:00:00 AM,False,,,PPM,False,0.0,33,None,4,H2S,PercentLEL
0.0,,,1/10/2018 4:10:30 PM,1/10/2018 2:10:30 PM,1/1/0001 12:00:00 AM,False,,,PPM,False,0.0,33,None,4,H2S,PercentLEL
0.0,,,1/10/2018 4:11:30 PM,1/10/2018 2:11:30 PM,1/1/0001 12:00:00 AM,False,,,PPM,False,0.0,33,None,4,H2S,PercentLEL
0.0,,,1/10/2018 4:12:30 PM,1/10/2018 2:12:30 PM,1/1/0001 12:00:00 AM,False,,,PPM,False,0.0,33,None,4,H2S,PercentLEL
0.5,,0.0,1/5/2018 2:30:45 PM,1/5/2018 12:30:45 PM,1/1/0001 12:00:00 AM,True,1.38,0.95,PercentMethane,False,0.5,27,Calibration,1,Methane,PercentLEL
0.0,,0.0,1/5/2018 2:30:45 PM,1/5/2018 12:30:45 PM,1/1/0001 12:00:00 AM,True,173.0,175.0,PPM,False,0.0,27,Calibration,3,CO,PercentLEL
0.0,,,1/5/2018 2:30:45 PM,1/5/2018 12:30:45 PM,1/1/0001 12:00:00 AM,False,,,PPM,False,0.0,27,None,4,H2S,PercentLEL
0.5,,0.0,1/5/2018 2:31:45 PM,1/5/2018 12:31:45 PM,1/1/0001 12:00:00 AM,True,1.38,0.95,PercentMethane,False,0.5,27,Calibration,1,Methane,PercentLEL
0.0,,0.0,1/5/2018 2:31:45 PM,1/5/2018 12:31:45 PM,1/1/0001 12:00:00 AM,True,173.0,175.0,PPM,False,1.0,27,Calibration,3,CO,PercentLEL
0.0,,,1/5/2018 2:31:45 PM,1/5/2018 12:31:45 PM,1/1/0001 12:00:00 AM,False,,,PPM,False,0.0,27,None,4,H2S,PercentLEL
0.5,,0.0,1/5/2018 2:32:45 PM,1/5/2018 12:32:45 PM,1/1/0001 12:00:00 AM,True,1.38,0.95,PercentMethane,False,0.5,27,Calibration,1,Methane,PercentLEL
0.5,,0.0,1/5/2018 2:32:15 PM,1/5/2018 12:32:15 PM,1/1/0001 12:00:00 AM,True,1.38,0.95,PercentMethane,False,0.5,28,Calibration,1,Methane,PercentLEL
0.0,,0.0,1/5/2018 2:32:45 PM,1/5/2018 12:32:45 PM,1/1/0001 12:00:00 AM,True,173.0,175.0,PPM,False,0.0,27,Calibration,3,CO,PercentLEL
0.0,,0.0,1/5/2018 2:32:15 PM,1/5/2018 12:32:15 PM,1/1/0001 12:00:00 AM,True,173.0,175.0,PPM,False,0.0,28,Calibration,3,CO,PercentLEL
0.0,,,1/5/2018 2:32:45 PM,1/5/2018 12:32:45 PM,1/1/0001 12:00:00 AM,False,,,PPM,False,0.0,27,None,4,H2S,PercentLEL
0.0,,,1/5/2018 2:32:15 PM,1/5/2018 12:32:15 PM,1/1/0001 12:00:00 AM,False,,,PPM,False,0.0,28,None,4,H2S,PercentLEL
0.0,,0.0,2/7/2018 7:16:30 AM,2/7/2018 5:16:30 AM,1/1/0001 12:00:00 AM,True,1.38,1.65,PercentMethane,False,0.0,28,Calibration,1,Methane,PercentLEL
0.0,,0.0,2/7/2018 7:17:30 AM,2/7/2018 5:17:30 AM,1/1/0001 12:00:00 AM,True,1.38,1.65,PercentMethane,False,0.0,31,Calibration,1,Methane,PercentLEL
67.0,,0.0,2/7/2018 7:16:30 AM,2/7/2018 5:16:30 AM,1/1/0001 12:00:00 AM,True,173.0,162.0,PPM,False,69.0,28,Calibration,3,CO,PercentLEL
69.0,,0.0,2/7/2018 7:17:30 AM,2/7/2018 5:17:30 AM,1/1/0001 12:00:00 AM,True,173.0,162.0,PPM,False,72.0,31,Calibration,3,CO,PercentLEL
0.0,,,2/7/2018 7:16:30 AM,2/7/2018 5:16:30 AM,1/1/0001 12:00:00 AM,False,,,PPM,False,0.0,28,None,4,H2S,PercentLEL
0.0,,,2/7/2018 7:17:30 AM,2/7/2018 5:17:30 AM,1/1/0001 12:00:00 AM,False,,,PPM,False,0.0,31,None,4,H2S,PercentLEL
0.400000005960464,,0.0,1/7/2018 4:50:00 PM,1/7/2018 2:50:00 PM,1/1/0001 12:00:00 AM,True,1.38,0.95,PercentMethane,False,0.45000001788139293,31,Calibration,1,Methane,PercentLEL
0.0,,0.0,1/7/2018 4:50:00 PM,1/7/2018 2:50:00 PM,1/1/0001 12:00:00 AM,True,173.0,175.0,PPM,False,0.0,31,Calibration,3,CO,PercentLEL
0.0,,,1/7/2018 4:50:00 PM,1/7/2018 2:50:00 PM,1/1/0001 12:00:00 AM,False,,,PPM,False,0.0,31,None,4,H2S,PercentLEL
0.45000001788139293,,0.0,1/5/2018 2:41:15 PM,1/5/2018 12:41:15 PM,1/1/0001 12:00:00 AM,True,1.38,0.95,PercentMethane,False,0.45000001788139293,28,Calibration,1,Methane,PercentLEL
0.45000001788139293,,0.0,1/5/2018 2:42:15 PM,1/5/2018 12:42:15 PM,1/1/0001 12:00:00 AM,True,1.38,0.95,PercentMethane,False,0.5,28,Calibration,1,Methane,PercentLEL
0.45000001788139293,,0.0,1/5/2018 2:43:15 PM,1/5/2018 12:43:15 PM,1/1/0001 12:00:00 AM,True,1.38,0.95,PercentMethane,False,0.5,28,Calibration,1,Methane,PercentLEL
0.0,,0.0,1/5/2018 2:41:15 PM,1/5/2018 12:41:15 PM,1/1/0001 12:00:00 AM,True,173.0,175.0,PPM,False,1.0,28,Calibration,3,CO,PercentLEL
0.0,,0.0,1/5/2018 2:42:15 PM,1/5/2018 12:42:15 PM,1/1/0001 12:00:00 AM,True,173.0,175.0,PPM,False,1.0,28,Calibration,3,CO,PercentLEL
0.0,,0.0,1/5/2018 2:43:15 PM,1/5/2018 12:43:15 PM,1/1/0001 12:00:00 AM,True,173.0,175.0,PPM,False,1.0,28,Calibration,3,CO,PercentLEL
0.0,,,1/5/2018 2:41:15 PM,1/5/2018 12:41:15 PM,1/1/0001 12:00:00 AM,False,,,PPM,False,0.0,28,None,4,H2S,PercentLEL
0.0,,,1/5/2018 2:42:15 PM,1/5/2018 12:42:15 PM,1/1/0001 12:00:00 AM,False,,,PPM,False,0.0,28,None,4,H2S,PercentLEL
0.0,,,1/5/2018 2:43:15 PM,1/5/2018 12:43:15 PM,1/1/0001 12:00:00 AM,False,,,PPM,False,0.0,28,None,4,H2S,PercentLEL
0.0,,0.0,1/4/2018 7:14:45 AM,1/4/2018 5:14:45 AM,1/1/0001 12:00:00 AM,True,1.38,1.4,PercentMethane,False,0.0,30,Calibration,1,Methane,PercentLEL
0.0,,0.0,1/4/2018 7:15:45 AM,1/4/2018 5:15:45 AM,1/1/0001 12:00:00 AM,True,1.38,1.4,PercentMethane,False,0.0,30,Calibration,1,Methane,PercentLEL
0.0,,0.0,1/4/2018 7:16:45 AM,1/4/2018 5:16:45 AM,1/1/0001 12:00:00 AM,True,1.38,1.4,PercentMethane,False,0.0500000007450581,30,Calibration,1,Methane,PercentLEL
0.0,,0.0,1/4/2018 7:17:45 AM,1/4/2018 5:17:45 AM,1/1/0001 12:00:00 AM,True,1.38,1.4,PercentMethane,False,0.0,30,Calibration,1,Methane,PercentLEL
0.0,,0.0,1/4/2018 7:14:45 AM,1/4/2018 5:14:45 AM,1/1/0001 12:00:00 AM,True,173.0,171.0,PPM,False,2.0,30,Calibration,3,CO,PercentLEL
0.0,,0.0,1/4/2018 7:15:45 AM,1/4/2018 5:15:45 AM,1/1/0001 12:00:00 AM,True,173.0,171.0,PPM,False,2.0,30,Calibration,3,CO,PercentLEL
7.0,,0.0,1/4/2018 7:16:45 AM,1/4/2018 5:16:45 AM,1/1/0001 12:00:00 AM,True,173.0,171.0,PPM,False,75.0,30,Calibration,3,CO,PercentLEL
0.0,,0.0,1/4/2018 7:17:45 AM,1/4/2018 5:17:45 AM,1/1/0001 12:00:00 AM,True,173.0,171.0,PPM,False,1.0,30,Calibration,3,CO,PercentLEL
0.0,,,1/4/2018 7:14:45 AM,1/4/2018 5:14:45 AM,1/1/0001 12:00:00 AM,False,,,PPM,False,0.0,30,None,4,H2S,PercentLEL
0.0,,,1/4/2018 7:15:45 AM,1/4/2018 5:15:45 AM,1/1/0001 12:00:00 AM,False,,,PPM,False,0.0,30,None,4,H2S,PercentLEL
0.0,,,1/4/2018 7:16:45 AM,1/4/2018 5:16:45 AM,1/1/0001 12:00:00 AM,False,,,PPM,False,0.0,30,None,4,H2S,PercentLEL
0.0,,,1/4/2018 7:17:45 AM,1/4/2018 5:17:45 AM,1/1/0001 12:00:00 AM,False,,,PPM,False,0.0,30,None,4,H2S,PercentLEL
0.0,,0.0,1/10/2018 8:46:30 AM,1/10/2018 6:46:30 AM,1/1/0001 12:00:00 AM,True,1.38,1.4,PercentMethane,False,0.0,28,Calibration,1,Methane,PercentLEL
0.0,,0.0,1/10/2018 8:47:30 AM,1/10/2018 6:47:30 AM,1/1/0001 12:00:00 AM,True,1.38,1.4,PercentMethane,False,0.0,28,Calibration,1,Methane,PercentLEL
0.0,,0.0,1/10/2018 8:48:30 AM,1/10/2018 6:48:30 AM,1/1/0001 12:00:00 AM,True,1.38,1.4,PercentMethane,False,0.349999994039536,28,Calibration,1,Methane,PercentLEL
0.0,,0.0,1/10/2018 8:49:30 AM,1/10/2018 6:49:30 AM,1/1/0001 12:00:00 AM,True,1.38,1.4,PercentMethane,False,0.0,28,Calibration,1,Methane,PercentLEL
0.0,,0.0,1/10/2018 8:46:30 AM,1/10/2018 6:46:30 AM,1/1/0001 12:00:00 AM,True,173.0,182.0,PPM,False,0.0,28,Calibration,3,CO,PercentLEL
0.0,,0.0,1/10/2018 8:47:30 AM,1/10/2018 6:47:30 AM,1/1/0001 12:00:00 AM,True,173.0,182.0,PPM,False,0.0,28,Calibration,3,CO,PercentLEL
10.0,,0.0,1/10/2018 8:48:30 AM,1/10/2018 6:48:30 AM,1/1/0001 12:00:00 AM,True,173.0,182.0,PPM,False,121.0,28,Calibration,3,CO,PercentLEL
0.0,,0.0,1/10/2018 8:49:30 AM,1/10/2018 6:49:30 AM,1/1/0001 12:00:00 AM,True,173.0,182.0,PPM,False,0.0,28,Calibration,3,CO,PercentLEL
0.0,,,1/10/2018 8:46:30 AM,1/10/2018 6:46:30 AM,1/1/0001 12:00:00 AM,False,,,PPM,False,0.0,28,None,4,H2S,PercentLEL
0.0,,,1/10/2018 8:47:30 AM,1/10/2018 6:47:30 AM,1/1/0001 12:00:00 AM,False,,,PPM,False,0.0,28,None,4,H2S,PercentLEL
0.0,,,1/10/2018 8:48:30 AM,1/10/2018 6:48:30 AM,1/1/0001 12:00:00 AM,False,,,PPM,False,0.0,28,None,4,H2S,PercentLEL
0.0,,,1/10/2018 8:49:30 AM,1/10/2018 6:49:30 AM,1/1/0001 12:00:00 AM,False,,,PPM,False,0.0,28,None,4,H2S,PercentLEL
0.0,,0.0,1/11/2018 1:33:15 PM,1/11/2018 11:33:15 AM,1/1/0001 12:00:00 AM,True,1.38,1.4,PercentMethane,False,0.0,29,Calibration,1,Methane,PercentLEL
0.0,,0.0,1/11/2018 1:34:15 PM,1/11/2018 11:34:15 AM,1/1/0001 12:00:00 AM,True,1.38,1.4,PercentMethane,False,0.0,29,Calibration,1,Methane,PercentLEL
0.0,,0.0,1/11/2018 1:35:15 PM,1/11/2018 11:35:15 AM,1/1/0001 12:00:00 AM,True,1.38,1.4,PercentMethane,False,0.0,29,Calibration,1,Methane,PercentLEL
0.0,,0.0,1/11/2018 1:36:15 PM,1/11/2018 11:36:15 AM,1/1/0001 12:00:00 AM,True,1.38,1.4,PercentMethane,False,0.0,29,Calibration,1,Methane,PercentLEL
0.0,,0.0,1/11/2018 1:37:15 PM,1/11/2018 11:37:15 AM,1/1/0001 12:00:00 AM,True,1.38,1.4,PercentMethane,False,0.0,29,Calibration,1,Methane,PercentLEL
0.0,,0.0,1/11/2018 1:38:15 PM,1/11/2018 11:38:15 AM,1/1/0001 12:00:00 AM,True,1.38,1.4,PercentMethane,False,0.0,29,Calibration,1,Methane,PercentLEL
0.0,,0.0,1/11/2018 1:39:15 PM,1/11/2018 11:39:15 AM,1/1/0001 12:00:00 AM,True,1.38,1.4,PercentMethane,False,0.0,30,Calibration,1,Methane,PercentLEL
0.0,,0.0,1/11/2018 1:40:15 PM,1/11/2018 11:40:15 AM,1/1/0001 12:00:00 AM,True,1.38,1.4,PercentMethane,False,0.0,30,Calibration,1,Methane,PercentLEL
0.0,,0.0,1/11/2018 1:41:15 PM,1/11/2018 11:41:15 AM,1/1/0001 12:00:00 AM,True,1.38,1.4,PercentMethane,False,0.0,30,Calibration,1,Methane,PercentLEL
0.0,,0.0,1/11/2018 1:42:15 PM,1/11/2018 11:42:15 AM,1/1/0001 12:00:00 AM,True,1.38,1.4,PercentMethane,False,0.0,30,Calibration,1,Methane,PercentLEL
0.0,,0.0,1/11/2018 1:33:15 PM,1/11/2018 11:33:15 AM,1/1/0001 12:00:00 AM,True,173.0,168.0,PPM,False,0.0,29,Calibration,3,CO,PercentLEL
0.0,,0.0,1/11/2018 1:34:15 PM,1/11/2018 11:34:15 AM,1/1/0001 12:00:00 AM,True,173.0,168.0,PPM,False,0.0,29,Calibration,3,CO,PercentLEL
5.0,,0.0,1/11/2018 1:35:15 PM,1/11/2018 11:35:15 AM,1/1/0001 12:00:00 AM,True,173.0,168.0,PPM,False,39.0,29,Calibration,3,CO,PercentLEL
12.0,,0.0,1/11/2018 1:36:15 PM,1/11/2018 11:36:15 AM,1/1/0001 12:00:00 AM,True,173.0,168.0,PPM,False,29.0,29,Calibration,3,CO,PercentLEL
64.0,,0.0,1/11/2018 1:37:15 PM,1/11/2018 11:37:15 AM,1/1/0001 12:00:00 AM,True,173.0,168.0,PPM,False,81.0,29,Calibration,3,CO,PercentLEL
70.0,,0.0,1/11/2018 1:38:15 PM,1/11/2018 11:38:15 AM,1/1/0001 12:00:00 AM,True,173.0,168.0,PPM,False,90.0,29,Calibration,3,CO,PercentLEL
10.0,,0.0,1/11/2018 1:39:15 PM,1/11/2018 11:39:15 AM,1/1/0001 12:00:00 AM,True,173.0,168.0,PPM,False,18.0,30,Calibration,3,CO,PercentLEL
6.0,,0.0,1/11/2018 1:40:15 PM,1/11/2018 11:40:15 AM,1/1/0001 12:00:00 AM,True,173.0,168.0,PPM,False,8.0,30,Calibration,3,CO,PercentLEL
3.0,,0.0,1/11/2018 1:41:15 PM,1/11/2018 11:41:15 AM,1/1/0001 12:00:00 AM,True,173.0,168.0,PPM,False,5.0,30,Calibration,3,CO,PercentLEL
0.0,,0.0,1/11/2018 1:42:15 PM,1/11/2018 11:42:15 AM,1/1/0001 12:00:00 AM,True,173.0,168.0,PPM,False,2.0,30,Calibration,3,CO,PercentLEL
0.0,,,1/11/2018 1:33:15 PM,1/11/2018 11:33:15 AM,1/1/0001 12:00:00 AM,False,,,PPM,False,0.0,29,None,4,H2S,PercentLEL
0.0,,,1/11/2018 1:34:15 PM,1/11/2018 11:34:15 AM,1/1/0001 12:00:00 AM,False,,,PPM,False,0.0,29,None,4,H2S,PercentLEL
0.0,,,1/11/2018 1:35:15 PM,1/11/2018 11:35:15 AM,1/1/0001 12:00:00 AM,False,,,PPM,False,0.0,29,None,4,H2S,PercentLEL
0.0,,,1/11/2018 1:36:15 PM,1/11/2018 11:36:15 AM,1/1/0001 12:00:00 AM,False,,,PPM,False,0.0,29,None,4,H2S,PercentLEL
0.0,,,1/11/2018 1:37:15 PM,1/11/2018 11:37:15 AM,1/1/0001 12:00:00 AM,False,,,PPM,False,0.0,29,None,4,H2S,PercentLEL
0.0,,,1/11/2018 1:38:15 PM,1/11/2018 11:38:15 AM,1/1/0001 12:00:00 AM,False,,,PPM,False,0.0,29,None,4,H2S,PercentLEL
0.0,,,1/11/2018 1:39:15 PM,1/11/2018 11:39:15 AM,1/1/0001 12:00:00 AM,False,,,PPM,False,0.0,30,None,4,H2S,PercentLEL
0.0,,,1/11/2018 1:40:15 PM,1/11/2018 11:40:15 AM,1/1/0001 12:00:00 AM,False,,,PPM,False,0.0,30,None,4,H2S,PercentLEL
0.0,,,1/11/2018 1:41:15 PM,1/11/2018 11:41:15 AM,1/1/0001 12:00:00 AM,False,,,PPM,False,0.0,30,None,4,H2S,PercentLEL
0.0,,,1/11/2018 1:42:15 PM,1/11/2018 11:42:15 AM,1/1/0001 12:00:00 AM,False,,,PPM,False,0.0,30,None,4,H2S,PercentLEL
0.45000001788139293,,0.0,12/22/2017 11:19:15 AM,12/22/2017 9:19:15 AM,1/1/0001 12:00:00 AM,True,1.38,0.95,PercentMethane,False,0.45000001788139293,28,Calibration,1,Methane,PercentLEL
0.45000001788139293,,0.0,12/22/2017 11:20:15 AM,12/22/2017 9:20:15 AM,1/1/0001 12:00:00 AM,True,1.38,0.95,PercentMethane,False,0.5,28,Calibration,1,Methane,PercentLEL
0.45000001788139293,,0.0,12/22/2017 11:21:15 AM,12/22/2017 9:21:15 AM,1/1/0001 12:00:00 AM,True,1.38,0.95,PercentMethane,False,0.5,28,Calibration,1,Methane,PercentLEL
0.0,,0.0,12/22/2017 11:19:15 AM,12/22/2017 9:19:15 AM,1/1/0001 12:00:00 AM,True,173.0,175.0,PPM,False,1.0,28,Calibration,3,CO,PercentLEL
0.0,,0.0,12/22/2017 11:20:15 AM,12/22/2017 9:20:15 AM,1/1/0001 12:00:00 AM,True,173.0,175.0,PPM,False,0.0,28,Calibration,3,CO,PercentLEL
0.0,,0.0,12/22/2017 11:21:15 AM,12/22/2017 9:21:15 AM,1/1/0001 12:00:00 AM,True,173.0,175.0,PPM,False,1.0,28,Calibration,3,CO,PercentLEL
0.0,,,12/22/2017 11:19:15 AM,12/22/2017 9:19:15 AM,1/1/0001 12:00:00 AM,False,,,PPM,False,0.0,28,None,4,H2S,PercentLEL
0.0,,,12/22/2017 11:20:15 AM,12/22/2017 9:20:15 AM,1/1/0001 12:00:00 AM,False,,,PPM,False,0.0,28,None,4,H2S,PercentLEL
0.0,,,12/22/2017 11:21:15 AM,12/22/2017 9:21:15 AM,1/1/0001 12:00:00 AM,False,,,PPM,False,0.0,28,None,4,H2S,PercentLEL
0.0,,0.0,1/3/2018 6:42:15 AM,1/3/2018 4:42:15 AM,1/1/0001 12:00:00 AM,True,1.38,1.25,PercentMethane,False,0.0,26,Calibration,1,Methane,PercentLEL
0.0,,0.0,1/3/2018 6:43:15 AM,1/3/2018 4:43:15 AM,1/1/0001 12:00:00 AM,True,1.38,1.25,PercentMethane,False,0.0,26,Calibration,1,Methane,PercentLEL
0.0500000007450581,,0.0,1/3/2018 6:44:15 AM,1/3/2018 4:44:15 AM,1/1/0001 12:00:00 AM,True,1.38,1.25,PercentMethane,False,0.25,26,Calibration,1,Methane,PercentLEL
0.0,,0.0,1/3/2018 6:45:15 AM,1/3/2018 4:45:15 AM,1/1/0001 12:00:00 AM,True,1.38,1.25,PercentMethane,False,0.0,28,Calibration,1,Methane,PercentLEL
0.0,,0.0,1/3/2018 6:46:15 AM,1/3/2018 4:46:15 AM,1/1/0001 12:00:00 AM,True,1.38,1.25,PercentMethane,False,0.0,28,Calibration,1,Methane,PercentLEL
0.0,,0.0,1/3/2018 6:47:15 AM,1/3/2018 4:47:15 AM,1/1/0001 12:00:00 AM,True,1.38,1.25,PercentMethane,False,0.100000001490116,28,Calibration,1,Methane,PercentLEL
0.0500000007450581,,0.0,1/3/2018 6:48:15 AM,1/3/2018 4:48:15 AM,1/1/0001 12:00:00 AM,True,1.38,1.25,PercentMethane,False,0.100000001490116,28,Calibration,1,Methane,PercentLEL
0.0,,0.0,1/3/2018 6:49:15 AM,1/3/2018 4:49:15 AM,1/1/0001 12:00:00 AM,True,1.38,1.25,PercentMethane,False,0.100000001490116,28,Calibration,1,Methane,PercentLEL
0.0,,0.0,1/3/2018 6:50:15 AM,1/3/2018 4:50:15 AM,1/1/0001 12:00:00 AM,True,1.38,1.25,PercentMethane,False,0.0,28,Calibration,1,Methane,PercentLEL
0.0,,0.0,1/3/2018 6:42:15 AM,1/3/2018 4:42:15 AM,1/1/0001 12:00:00 AM,True,173.0,177.0,PPM,False,0.0,26,Calibration,3,CO,PercentLEL
0.0,,0.0,1/3/2018 6:43:15 AM,1/3/2018 4:43:15 AM,1/1/0001 12:00:00 AM,True,173.0,177.0,PPM,False,0.0,26,Calibration,3,CO,PercentLEL
52.0,,0.0,1/3/2018 6:44:15 AM,1/3/2018 4:44:15 AM,1/1/0001 12:00:00 AM,True,173.0,177.0,PPM,False,147.0,26,Calibration,3,CO,PercentLEL
21.0,,0.0,1/3/2018 6:45:15 AM,1/3/2018 4:45:15 AM,1/1/0001 12:00:00 AM,True,173.0,177.0,PPM,False,45.0,28,Calibration,3,CO,PercentLEL
9.0,,0.0,1/3/2018 6:46:15 AM,1/3/2018 4:46:15 AM,1/1/0001 12:00:00 AM,True,173.0,177.0,PPM,False,11.0,28,Calibration,3,CO,PercentLEL
6.0,,0.0,1/3/2018 6:47:15 AM,1/3/2018 4:47:15 AM,1/1/0001 12:00:00 AM,True,173.0,177.0,PPM,False,35.0,28,Calibration,3,CO,PercentLEL
11.0,,0.0,1/3/2018 6:48:15 AM,1/3/2018 4:48:15 AM,1/1/0001 12:00:00 AM,True,173.0,177.0,PPM,False,17.0,28,Calibration,3,CO,PercentLEL
0.0,,0.0,1/3/2018 6:49:15 AM,1/3/2018 4:49:15 AM,1/1/0001 12:00:00 AM,True,173.0,177.0,PPM,False,4.0,28,Calibration,3,CO,PercentLEL
0.0,,0.0,1/3/2018 6:50:15 AM,1/3/2018 4:50:15 AM,1/1/0001 12:00:00 AM,True,173.0,177.0,PPM,False,1.0,28,Calibration,3,CO,PercentLEL
0.0,,,1/3/2018 6:42:15 AM,1/3/2018 4:42:15 AM,1/1/0001 12:00:00 AM,False,,,PPM,False,0.0,26,None,4,H2S,PercentLEL
0.0,,,1/3/2018 6:43:15 AM,1/3/2018 4:43:15 AM,1/1/0001 12:00:00 AM,False,,,PPM,False,0.0,26,None,4,H2S,PercentLEL
0.0,,,1/3/2018 6:44:15 AM,1/3/2018 4:44:15 AM,1/1/0001 12:00:00 AM,False,,,PPM,False,0.0,26,None,4,H2S,PercentLEL
0.0,,,1/3/2018 6:45:15 AM,1/3/2018 4:45:15 AM,1/1/0001 12:00:00 AM,False,,,PPM,False,0.0,28,None,4,H2S,PercentLEL
0.0,,,1/3/2018 6:46:15 AM,1/3/2018 4:46:15 AM,1/1/0001 12:00:00 AM,False,,,PPM,False,0.0,28,None,4,H2S,PercentLEL
0.0,,,1/3/2018 6:47:15 AM,1/3/2018 4:47:15 AM,1/1/0001 12:00:00 AM,False,,,PPM,False,0.0,28,None,4,H2S,PercentLEL
0.0,,,1/3/2018 6:48:15 AM,1/3/2018 4:48:15 AM,1/1/0001 12:00:00 AM,False,,,PPM,False,0.0,28,None,4,H2S,PercentLEL
0.0,,,1/3/2018 6:49:15 AM,1/3/2018 4:49:15 AM,1/1/0001 12:00:00 AM,False,,,PPM,False,0.0,28,None,4,H2S,PercentLEL
0.0,,,1/3/2018 6:50:15 AM,1/3/2018 4:50:15 AM,1/1/0001 12:00:00 AM,False,,,PPM,False,0.0,28,None,4,H2S,PercentLEL
0.550000011920929,,0.0,1/8/2018 6:43:00 PM,1/8/2018 4:43:00 PM,1/1/0001 12:00:00 AM,True,1.38,0.95,PercentMethane,False,0.6000000238418579,32,Calibration,1,Methane,PercentLEL
0.6000000238418579,,0.0,1/8/2018 6:44:00 PM,1/8/2018 4:44:00 PM,1/1/0001 12:00:00 AM,True,1.38,0.95,PercentMethane,False,0.6000000238418579,32,Calibration,1,Methane,PercentLEL
0.6000000238418579,,0.0,1/8/2018 6:45:00 PM,1/8/2018 4:45:00 PM,1/1/0001 12:00:00 AM,True,1.38,0.95,PercentMethane,False,0.6000000238418579,32,Calibration,1,Methane,PercentLEL
0.6000000238418579,,0.0,1/8/2018 6:46:00 PM,1/8/2018 4:46:00 PM,1/1/0001 12:00:00 AM,True,1.38,0.95,PercentMethane,False,0.6000000238418579,32,Calibration,1,Methane,PercentLEL
0.0,,0.0,1/8/2018 6:43:00 PM,1/8/2018 4:43:00 PM,1/1/0001 12:00:00 AM,True,173.0,175.0,PPM,False,1.0,32,Calibration,3,CO,PercentLEL
0.0,,0.0,1/8/2018 6:44:00 PM,1/8/2018 4:44:00 PM,1/1/0001 12:00:00 AM,True,173.0,175.0,PPM,False,0.0,32,Calibration,3,CO,PercentLEL
0.0,,0.0,1/8/2018 6:45:00 PM,1/8/2018 4:45:00 PM,1/1/0001 12:00:00 AM,True,173.0,175.0,PPM,False,1.0,32,Calibration,3,CO,PercentLEL
0.0,,0.0,1/8/2018 6:46:00 PM,1/8/2018 4:46:00 PM,1/1/0001 12:00:00 AM,True,173.0,175.0,PPM,False,0.0,32,Calibration,3,CO,PercentLEL
0.0,,,1/8/2018 6:43:00 PM,1/8/2018 4:43:00 PM,1/1/0001 12:00:00 AM,False,,,PPM,False,0.0,32,None,4,H2S,PercentLEL
0.0,,,1/8/2018 6:44:00 PM,1/8/2018 4:44:00 PM,1/1/0001 12:00:00 AM,False,,,PPM,False,0.0,32,None,4,H2S,PercentLEL
0.0,,,1/8/2018 6:45:00 PM,1/8/2018 4:45:00 PM,1/1/0001 12:00:00 AM,False,,,PPM,False,0.0,32,None,4,H2S,PercentLEL
0.0,,,1/8/2018 6:46:00 PM,1/8/2018 4:46:00 PM,1/1/0001 12:00:00 AM,False,,,PPM,False,0.0,32,None,4,H2S,PercentLEL
0.0,,0.0,1/3/2018 6:41:15 AM,1/3/2018 4:41:15 AM,1/1/0001 12:00:00 AM,True,1.38,1.25,PercentMethane,False,0.0,26,Calibration,1,Methane,PercentLEL
0.0,,0.0,1/3/2018 6:41:15 AM,1/3/2018 4:41:15 AM,1/1/0001 12:00:00 AM,True,173.0,177.0,PPM,False,0.0,26,Calibration,3,CO,PercentLEL
0.0,,,1/3/2018 6:41:15 AM,1/3/2018 4:41:15 AM,1/1/0001 12:00:00 AM,False,,,PPM,False,0.0,26,None,4,H2S,PercentLEL
0.0,,0.0,2/7/2018 9:55:30 AM,2/7/2018 7:55:30 AM,1/1/0001 12:00:00 AM,True,1.38,1.65,PercentMethane,False,0.0,35,Calibration,1,Methane,PercentLEL
0.0,,0.0,2/7/2018 9:56:30 AM,2/7/2018 7:56:30 AM,1/1/0001 12:00:00 AM,True,1.38,1.65,PercentMethane,False,0.0,35,Calibration,1,Methane,PercentLEL
0.0,,0.0,2/7/2018 9:57:30 AM,2/7/2018 7:57:30 AM,1/1/0001 12:00:00 AM,True,1.38,1.65,PercentMethane,False,0.0,35,Calibration,1,Methane,PercentLEL
0.0,,0.0,2/7/2018 9:58:30 AM,2/7/2018 7:58:30 AM,1/1/0001 12:00:00 AM,True,1.38,1.65,PercentMethane,False,0.0,35,Calibration,1,Methane,PercentLEL
0.0,,0.0,2/7/2018 9:59:30 AM,2/7/2018 7:59:30 AM,1/1/0001 12:00:00 AM,True,1.38,1.65,PercentMethane,False,0.0,35,Calibration,1,Methane,PercentLEL
0.0,,0.0,2/7/2018 10:00:30 AM,2/7/2018 8:00:30 AM,1/1/0001 12:00:00 AM,True,1.38,1.65,PercentMethane,False,0.0,35,Calibration,1,Methane,PercentLEL
0.0,,0.0,2/7/2018 10:01:30 AM,2/7/2018 8:01:30 AM,1/1/0001 12:00:00 AM,True,1.38,1.65,PercentMethane,False,0.0,35,Calibration,1,Methane,PercentLEL
0.0,,0.0,2/7/2018 10:02:30 AM,2/7/2018 8:02:30 AM,1/1/0001 12:00:00 AM,True,1.38,1.65,PercentMethane,False,0.0,35,Calibration,1,Methane,PercentLEL
0.0,,0.0,2/7/2018 10:03:30 AM,2/7/2018 8:03:30 AM,1/1/0001 12:00:00 AM,True,1.38,1.65,PercentMethane,False,0.0,35,Calibration,1,Methane,PercentLEL
0.0,,0.0,2/7/2018 10:04:30 AM,2/7/2018 8:04:30 AM,1/1/0001 12:00:00 AM,True,1.38,1.65,PercentMethane,False,0.0,35,Calibration,1,Methane,PercentLEL
0.0,,0.0,2/7/2018 10:05:30 AM,2/7/2018 8:05:30 AM,1/1/0001 12:00:00 AM,True,1.38,1.65,PercentMethane,False,0.0,35,Calibration,1,Methane,PercentLEL
37.0,,0.0,2/7/2018 9:55:30 AM,2/7/2018 7:55:30 AM,1/1/0001 12:00:00 AM,True,173.0,162.0,PPM,False,40.0,35,Calibration,3,CO,PercentLEL
36.0,,0.0,2/7/2018 9:56:30 AM,2/7/2018 7:56:30 AM,1/1/0001 12:00:00 AM,True,173.0,162.0,PPM,False,39.0,35,Calibration,3,CO,PercentLEL
36.0,,0.0,2/7/2018 9:57:30 AM,2/7/2018 7:57:30 AM,1/1/0001 12:00:00 AM,True,173.0,162.0,PPM,False,37.0,35,Calibration,3,CO,PercentLEL
36.0,,0.0,2/7/2018 9:58:30 AM,2/7/2018 7:58:30 AM,1/1/0001 12:00:00 AM,True,173.0,162.0,PPM,False,37.0,35,Calibration,3,CO,PercentLEL
35.0,,0.0,2/7/2018 9:59:30 AM,2/7/2018 7:59:30 AM,1/1/0001 12:00:00 AM,True,173.0,162.0,PPM,False,37.0,35,Calibration,3,CO,PercentLEL
34.0,,0.0,2/7/2018 10:00:30 AM,2/7/2018 8:00:30 AM,1/1/0001 12:00:00 AM,True,173.0,162.0,PPM,False,36.0,35,Calibration,3,CO,PercentLEL
34.0,,0.0,2/7/2018 10:01:30 AM,2/7/2018 8:01:30 AM,1/1/0001 12:00:00 AM,True,173.0,162.0,PPM,False,36.0,35,Calibration,3,CO,PercentLEL
33.0,,0.0,2/7/2018 10:02:30 AM,2/7/2018 8:02:30 AM,1/1/0001 12:00:00 AM,True,173.0,162.0,PPM,False,35.0,35,Calibration,3,CO,PercentLEL
33.0,,0.0,2/7/2018 10:03:30 AM,2/7/2018 8:03:30 AM,1/1/0001 12:00:00 AM,True,173.0,162.0,PPM,False,35.0,35,Calibration,3,CO,PercentLEL
33.0,,0.0,2/7/2018 10:04:30 AM,2/7/2018 8:04:30 AM,1/1/0001 12:00:00 AM,True,173.0,162.0,PPM,False,36.0,35,Calibration,3,CO,PercentLEL
33.0,,0.0,2/7/2018 10:05:30 AM,2/7/2018 8:05:30 AM,1/1/0001 12:00:00 AM,True,173.0,162.0,PPM,False,34.0,35,Calibration,3,CO,PercentLEL
0.0,,,2/7/2018 9:55:30 AM,2/7/2018 7:55:30 AM,1/1/0001 12:00:00 AM,False,,,PPM,False,0.0,35,None,4,H2S,PercentLEL
0.0,,,2/7/2018 9:56:30 AM,2/7/2018 7:56:30 AM,1/1/0001 12:00:00 AM,False,,,PPM,False,0.0,35,None,4,H2S,PercentLEL
0.0,,,2/7/2018 9:57:30 AM,2/7/2018 7:57:30 AM,1/1/0001 12:00:00 AM,False,,,PPM,False,0.0,35,None,4,H2S,PercentLEL
0.0,,,2/7/2018 9:58:30 AM,2/7/2018 7:58:30 AM,1/1/0001 12:00:00 AM,False,,,PPM,False,0.0,35,None,4,H2S,PercentLEL
0.0,,,2/7/2018 9:59:30 AM,2/7/2018 7:59:30 AM,1/1/0001 12:00:00 AM,False,,,PPM,False,0.0,35,None,4,H2S,PercentLEL
0.0,,,2/7/2018 10:00:30 AM,2/7/2018 8:00:30 AM,1/1/0001 12:00:00 AM,False,,,PPM,False,0.0,35,None,4,H2S,PercentLEL
0.0,,,2/7/2018 10:01:30 AM,2/7/2018 8:01:30 AM,1/1/0001 12:00:00 AM,False,,,PPM,False,0.0,35,None,4,H2S,PercentLEL
0.0,,,2/7/2018 10:02:30 AM,2/7/2018 8:02:30 AM,1/1/0001 12:00:00 AM,False,,,PPM,False,0.0,35,None,4,H2S,PercentLEL
0.0,,,2/7/2018 10:03:30 AM,2/7/2018 8:03:30 AM,1/1/0001 12:00:00 AM,False,,,PPM,False,0.0,35,None,4,H2S,PercentLEL
0.0,,,2/7/2018 10:04:30 AM,2/7/2018 8:04:30 AM,1/1/0001 12:00:00 AM,False,,,PPM,False,0.0,35,None,4,H2S,PercentLEL
0.0,,,2/7/2018 10:05:30 AM,2/7/2018 8:05:30 AM,1/1/0001 12:00:00 AM,False,,,PPM,False,0.0,35,None,4,H2S,PercentLEL
0.0,,0.0,1/5/2018 4:29:15 AM,1/5/2018 2:29:15 AM,1/1/0001 12:00:00 AM,True,1.38,0.8,PercentMethane,False,0.0,24,Calibration,1,Methane,PercentLEL
0.0,,0.0,1/5/2018 4:30:15 AM,1/5/2018 2:30:15 AM,1/1/0001 12:00:00 AM,True,1.38,0.8,PercentMethane,False,0.0,24,Calibration,1,Methane,PercentLEL
0.0,,0.0,1/5/2018 4:31:15 AM,1/5/2018 2:31:15 AM,1/1/0001 12:00:00 AM,True,1.38,0.8,PercentMethane,False,0.699999988079071,24,Calibration,1,Methane,PercentLEL
0.0,,0.0,1/5/2018 4:32:15 AM,1/5/2018 2:32:15 AM,1/1/0001 12:00:00 AM,True,1.38,0.8,PercentMethane,False,0.0,24,Calibration,1,Methane,PercentLEL
0.0,,0.0,1/5/2018 4:29:15 AM,1/5/2018 2:29:15 AM,1/1/0001 12:00:00 AM,True,173.0,173.0,PPM,False,0.0,24,Calibration,3,CO,PercentLEL
0.0,,0.0,1/5/2018 4:30:15 AM,1/5/2018 2:30:15 AM,1/1/0001 12:00:00 AM,True,173.0,173.0,PPM,False,0.0,24,Calibration,3,CO,PercentLEL
2.0,,0.0,1/5/2018 4:31:15 AM,1/5/2018 2:31:15 AM,1/1/0001 12:00:00 AM,True,173.0,173.0,PPM,False,26.0,24,Calibration,3,CO,PercentLEL
0.0,,0.0,1/5/2018 4:32:15 AM,1/5/2018 2:32:15 AM,1/1/0001 12:00:00 AM,True,173.0,173.0,PPM,False,0.0,24,Calibration,3,CO,PercentLEL
0.0,,,1/5/2018 4:29:15 AM,1/5/2018 2:29:15 AM,1/1/0001 12:00:00 AM,False,,,PPM,False,0.0,24,None,4,H2S,PercentLEL
0.0,,,1/5/2018 4:30:15 AM,1/5/2018 2:30:15 AM,1/1/0001 12:00:00 AM,False,,,PPM,False,0.0,24,None,4,H2S,PercentLEL
0.0,,,1/5/2018 4:31:15 AM,1/5/2018 2:31:15 AM,1/1/0001 12:00:00 AM,False,,,PPM,False,0.0,24,None,4,H2S,PercentLEL
0.0,,,1/5/2018 4:32:15 AM,1/5/2018 2:32:15 AM,1/1/0001 12:00:00 AM,False,,,PPM,False,0.0,24,None,4,H2S,PercentLEL
0.0,,0.0,2/6/2018 5:25:45 PM,2/6/2018 3:25:45 PM,1/1/0001 12:00:00 AM,True,1.38,1.4,PercentMethane,False,0.0,27,Calibration,1,Methane,PercentLEL
0.0,,0.0,2/6/2018 5:26:45 PM,2/6/2018 3:26:45 PM,1/1/0001 12:00:00 AM,True,1.38,1.4,PercentMethane,False,0.0,27,Calibration,1,Methane,PercentLEL
0.0,,0.0,2/6/2018 5:27:45 PM,2/6/2018 3:27:45 PM,1/1/0001 12:00:00 AM,True,1.38,1.4,PercentMethane,False,0.100000001490116,27,Calibration,1,Methane,PercentLEL
0.0,,0.0,2/6/2018 5:28:45 PM,2/6/2018 3:28:45 PM,1/1/0001 12:00:00 AM,True,1.38,1.4,PercentMethane,False,0.0,27,Calibration,1,Methane,PercentLEL
0.0,,0.0,2/6/2018 5:25:45 PM,2/6/2018 3:25:45 PM,1/1/0001 12:00:00 AM,True,173.0,183.0,PPM,False,0.0,27,Calibration,3,CO,PercentLEL
0.0,,0.0,2/6/2018 5:26:45 PM,2/6/2018 3:26:45 PM,1/1/0001 12:00:00 AM,True,173.0,183.0,PPM,False,0.0,27,Calibration,3,CO,PercentLEL
16.0,,0.0,2/6/2018 5:27:45 PM,2/6/2018 3:27:45 PM,1/1/0001 12:00:00 AM,True,173.0,183.0,PPM,False,103.0,27,Calibration,3,CO,PercentLEL
0.0,,0.0,2/6/2018 5:28:45 PM,2/6/2018 3:28:45 PM,1/1/0001 12:00:00 AM,True,173.0,183.0,PPM,False,0.0,27,Calibration,3,CO,PercentLEL
0.0,,,2/6/2018 5:25:45 PM,2/6/2018 3:25:45 PM,1/1/0001 12:00:00 AM,False,,,PPM,False,0.0,27,None,4,H2S,PercentLEL
0.0,,,2/6/2018 5:26:45 PM,2/6/2018 3:26:45 PM,1/1/0001 12:00:00 AM,False,,,PPM,False,0.0,27,None,4,H2S,PercentLEL
0.0,,,2/6/2018 5:27:45 PM,2/6/2018 3:27:45 PM,1/1/0001 12:00:00 AM,False,,,PPM,False,0.0,27,None,4,H2S,PercentLEL
0.0,,,2/6/2018 5:28:45 PM,2/6/2018 3:28:45 PM,1/1/0001 12:00:00 AM,False,,,PPM,False,0.0,27,None,4,H2S,PercentLEL
0.0,,0.0,1/4/2018 8:11:00 AM,1/4/2018 6:11:00 AM,1/1/0001 12:00:00 AM,True,1.38,1.4,PercentMethane,False,0.0,31,Calibration,1,Methane,PercentLEL
0.0,,0.0,1/4/2018 8:12:00 AM,1/4/2018 6:12:00 AM,1/1/0001 12:00:00 AM,True,1.38,1.4,PercentMethane,False,0.0,31,Calibration,1,Methane,PercentLEL
0.0,,0.0,1/4/2018 8:13:00 AM,1/4/2018 6:13:00 AM,1/1/0001 12:00:00 AM,True,1.38,1.4,PercentMethane,False,0.0,32,Calibration,1,Methane,PercentLEL
0.0,,0.0,1/4/2018 8:14:00 AM,1/4/2018 6:14:00 AM,1/1/0001 12:00:00 AM,True,1.38,1.4,PercentMethane,False,0.0,32,Calibration,1,Methane,PercentLEL
0.0,,0.0,1/4/2018 8:11:00 AM,1/4/2018 6:11:00 AM,1/1/0001 12:00:00 AM,True,173.0,175.0,PPM,False,0.0,31,Calibration,3,CO,PercentLEL
0.0,,0.0,1/4/2018 8:12:00 AM,1/4/2018 6:12:00 AM,1/1/0001 12:00:00 AM,True,173.0,175.0,PPM,False,0.0,31,Calibration,3,CO,PercentLEL
7.0,,0.0,1/4/2018 8:13:00 AM,1/4/2018 6:13:00 AM,1/1/0001 12:00:00 AM,True,173.0,175.0,PPM,False,102.0,32,Calibration,3,CO,PercentLEL
0.0,,0.0,1/4/2018 8:14:00 AM,1/4/2018 6:14:00 AM,1/1/0001 12:00:00 AM,True,173.0,175.0,PPM,False,0.0,32,Calibration,3,CO,PercentLEL
0.0,,,1/4/2018 8:11:00 AM,1/4/2018 6:11:00 AM,1/1/0001 12:00:00 AM,False,,,PPM,False,0.0,31,None,4,H2S,PercentLEL
0.0,,,1/4/2018 8:12:00 AM,1/4/2018 6:12:00 AM,1/1/0001 12:00:00 AM,False,,,PPM,False,0.0,31,None,4,H2S,PercentLEL
0.0,,,1/4/2018 8:13:00 AM,1/4/2018 6:13:00 AM,1/1/0001 12:00:00 AM,False,,,PPM,False,0.0,32,None,4,H2S,PercentLEL
0.0,,,1/4/2018 8:14:00 AM,1/4/2018 6:14:00 AM,1/1/0001 12:00:00 AM,False,,,PPM,False,0.0,32,None,4,H2S,PercentLEL
0.0,,0.0,1/10/2018 5:54:15 PM,1/10/2018 3:54:15 PM,1/1/0001 12:00:00 AM,True,1.38,1.4,PercentMethane,False,0.0,27,Calibration,1,Methane,PercentLEL
0.0,,0.0,1/10/2018 5:55:15 PM,1/10/2018 3:55:15 PM,1/1/0001 12:00:00 AM,True,1.38,1.4,PercentMethane,False,0.0,27,Calibration,1,Methane,PercentLEL
0.0,,0.0,1/10/2018 5:56:15 PM,1/10/2018 3:56:15 PM,1/1/0001 12:00:00 AM,True,1.38,1.4,PercentMethane,False,0.0,27,Calibration,1,Methane,PercentLEL
0.0,,0.0,1/10/2018 5:57:15 PM,1/10/2018 3:57:15 PM,1/1/0001 12:00:00 AM,True,1.38,1.4,PercentMethane,False,0.0,27,Calibration,1,Methane,PercentLEL
0.0,,0.0,1/10/2018 5:54:15 PM,1/10/2018 3:54:15 PM,1/1/0001 12:00:00 AM,True,173.0,168.0,PPM,False,0.0,27,Calibration,3,CO,PercentLEL
0.0,,0.0,1/10/2018 5:55:15 PM,1/10/2018 3:55:15 PM,1/1/0001 12:00:00 AM,True,173.0,168.0,PPM,False,0.0,27,Calibration,3,CO,PercentLEL
3.0,,0.0,1/10/2018 5:56:15 PM,1/10/2018 3:56:15 PM,1/1/0001 12:00:00 AM,True,173.0,168.0,PPM,False,60.0,27,Calibration,3,CO,PercentLEL
0.0,,0.0,1/10/2018 5:57:15 PM,1/10/2018 3:57:15 PM,1/1/0001 12:00:00 AM,True,173.0,168.0,PPM,False,0.0,27,Calibration,3,CO,PercentLEL
0.0,,,1/10/2018 5:54:15 PM,1/10/2018 3:54:15 PM,1/1/0001 12:00:00 AM,False,,,PPM,False,0.0,27,None,4,H2S,PercentLEL
0.0,,,1/10/2018 5:55:15 PM,1/10/2018 3:55:15 PM,1/1/0001 12:00:00 AM,False,,,PPM,False,0.0,27,None,4,H2S,PercentLEL
0.0,,,1/10/2018 5:56:15 PM,1/10/2018 3:56:15 PM,1/1/0001 12:00:00 AM,False,,,PPM,False,0.0,27,None,4,H2S,PercentLEL
0.0,,,1/10/2018 5:57:15 PM,1/10/2018 3:57:15 PM,1/1/0001 12:00:00 AM,False,,,PPM,False,0.0,27,None,4,H2S,PercentLEL
0.0,,0.0,2/7/2018 6:59:30 AM,2/7/2018 4:59:30 AM,1/1/0001 12:00:00 AM,True,1.38,1.65,PercentMethane,False,0.0,27,Calibration,1,Methane,PercentLEL
46.0,,0.0,2/7/2018 6:59:30 AM,2/7/2018 4:59:30 AM,1/1/0001 12:00:00 AM,True,173.0,162.0,PPM,False,47.0,27,Calibration,3,CO,PercentLEL
0.0,,,2/7/2018 6:59:30 AM,2/7/2018 4:59:30 AM,1/1/0001 12:00:00 AM,False,,,PPM,False,0.0,27,None,4,H2S,PercentLEL
0.0,,0.0,1/4/2018 4:38:00 PM,1/4/2018 2:38:00 PM,1/1/0001 12:00:00 AM,True,1.38,1.4,PercentMethane,False,0.0,28,Calibration,1,Methane,PercentLEL
0.0,,0.0,1/4/2018 4:39:00 PM,1/4/2018 2:39:00 PM,1/1/0001 12:00:00 AM,True,1.38,1.4,PercentMethane,False,0.0,28,Calibration,1,Methane,PercentLEL
0.0,,0.0,1/4/2018 4:40:00 PM,1/4/2018 2:40:00 PM,1/1/0001 12:00:00 AM,True,1.38,1.4,PercentMethane,False,0.0,28,Calibration,1,Methane,PercentLEL
0.0,,0.0,1/4/2018 4:41:00 PM,1/4/2018 2:41:00 PM,1/1/0001 12:00:00 AM,True,1.38,1.4,PercentMethane,False,0.0,28,Calibration,1,Methane,PercentLEL
0.0,,0.0,1/4/2018 4:38:00 PM,1/4/2018 2:38:00 PM,1/1/0001 12:00:00 AM,True,173.0,181.0,PPM,False,0.0,28,Calibration,3,CO,PercentLEL
0.0,,0.0,1/4/2018 4:39:00 PM,1/4/2018 2:39:00 PM,1/1/0001 12:00:00 AM,True,173.0,181.0,PPM,False,0.0,28,Calibration,3,CO,PercentLEL
5.0,,0.0,1/4/2018 4:40:00 PM,1/4/2018 2:40:00 PM,1/1/0001 12:00:00 AM,True,173.0,181.0,PPM,False,59.0,28,Calibration,3,CO,PercentLEL
0.0,,0.0,1/4/2018 4:41:00 PM,1/4/2018 2:41:00 PM,1/1/0001 12:00:00 AM,True,173.0,181.0,PPM,False,1.0,28,Calibration,3,CO,PercentLEL
0.0,,,1/4/2018 4:38:00 PM,1/4/2018 2:38:00 PM,1/1/0001 12:00:00 AM,False,,,PPM,False,0.0,28,None,4,H2S,PercentLEL
0.0,,,1/4/2018 4:39:00 PM,1/4/2018 2:39:00 PM,1/1/0001 12:00:00 AM,False,,,PPM,False,0.0,28,None,4,H2S,PercentLEL
0.0,,,1/4/2018 4:40:00 PM,1/4/2018 2:40:00 PM,1/1/0001 12:00:00 AM,False,,,PPM,False,0.0,28,None,4,H2S,PercentLEL
0.0,,,1/4/2018 4:41:00 PM,1/4/2018 2:41:00 PM,1/1/0001 12:00:00 AM,False,,,PPM,False,0.0,28,None,4,H2S,PercentLEL
0.0,,0.0,1/5/2018 12:31:15 PM,1/5/2018 10:31:15 AM,1/1/0001 12:00:00 AM,True,1.38,1.4,PercentMethane,False,0.0,27,Calibration,1,Methane,PercentLEL
0.0,,0.0,1/5/2018 12:32:15 PM,1/5/2018 10:32:15 AM,1/1/0001 12:00:00 AM,True,1.38,1.4,PercentMethane,False,0.0,26,Calibration,1,Methane,PercentLEL
0.0,,0.0,1/5/2018 12:33:15 PM,1/5/2018 10:33:15 AM,1/1/0001 12:00:00 AM,True,1.38,1.4,PercentMethane,False,0.150000005960464,26,Calibration,1,Methane,PercentLEL
0.0,,0.0,1/5/2018 12:34:15 PM,1/5/2018 10:34:15 AM,1/1/0001 12:00:00 AM,True,1.38,1.4,PercentMethane,False,0.0,26,Calibration,1,Methane,PercentLEL
0.0,,0.0,1/5/2018 12:31:15 PM,1/5/2018 10:31:15 AM,1/1/0001 12:00:00 AM,True,173.0,187.0,PPM,False,0.0,27,Calibration,3,CO,PercentLEL
0.0,,0.0,1/5/2018 12:32:15 PM,1/5/2018 10:32:15 AM,1/1/0001 12:00:00 AM,True,173.0,187.0,PPM,False,0.0,26,Calibration,3,CO,PercentLEL
23.0,,0.0,1/5/2018 12:33:15 PM,1/5/2018 10:33:15 AM,1/1/0001 12:00:00 AM,True,173.0,187.0,PPM,False,136.0,26,Calibration,3,CO,PercentLEL
0.0,,0.0,1/5/2018 12:34:15 PM,1/5/2018 10:34:15 AM,1/1/0001 12:00:00 AM,True,173.0,187.0,PPM,False,1.0,26,Calibration,3,CO,PercentLEL
0.0,,,1/5/2018 12:31:15 PM,1/5/2018 10:31:15 AM,1/1/0001 12:00:00 AM,False,,,PPM,False,0.0,27,None,4,H2S,PercentLEL
0.0,,,1/5/2018 12:32:15 PM,1/5/2018 10:32:15 AM,1/1/0001 12:00:00 AM,False,,,PPM,False,0.0,26,None,4,H2S,PercentLEL
0.0,,,1/5/2018 12:33:15 PM,1/5/2018 10:33:15 AM,1/1/0001 12:00:00 AM,False,,,PPM,False,0.0,26,None,4,H2S,PercentLEL
0.0,,,1/5/2018 12:34:15 PM,1/5/2018 10:34:15 AM,1/1/0001 12:00:00 AM,False,,,PPM,False,0.0,26,None,4,H2S,PercentLEL
0.0,,0.0,1/5/2018 7:08:00 AM,1/5/2018 5:08:00 AM,1/1/0001 12:00:00 AM,True,1.38,1.05,PercentMethane,False,0.0,30,Calibration,1,Methane,PercentLEL
0.0,,0.0,1/5/2018 7:09:00 AM,1/5/2018 5:09:00 AM,1/1/0001 12:00:00 AM,True,1.38,1.05,PercentMethane,False,0.0,30,Calibration,1,Methane,PercentLEL
0.0,,0.0,1/5/2018 7:10:00 AM,1/5/2018 5:10:00 AM,1/1/0001 12:00:00 AM,True,1.38,1.05,PercentMethane,False,0.349999994039536,30,Calibration,1,Methane,PercentLEL
0.0,,0.0,1/5/2018 7:11:00 AM,1/5/2018 5:11:00 AM,1/1/0001 12:00:00 AM,True,1.38,1.05,PercentMethane,False,0.0,30,Calibration,1,Methane,PercentLEL
0.0,,0.0,1/5/2018 7:08:00 AM,1/5/2018 5:08:00 AM,1/1/0001 12:00:00 AM,True,173.0,173.0,PPM,False,0.0,30,Calibration,3,CO,PercentLEL
0.0,,0.0,1/5/2018 7:09:00 AM,1/5/2018 5:09:00 AM,1/1/0001 12:00:00 AM,True,173.0,173.0,PPM,False,0.0,30,Calibration,3,CO,PercentLEL
34.0,,0.0,1/5/2018 7:10:00 AM,1/5/2018 5:10:00 AM,1/1/0001 12:00:00 AM,True,173.0,173.0,PPM,False,204.0,30,Calibration,3,CO,PercentLEL
0.0,,0.0,1/5/2018 7:11:00 AM,1/5/2018 5:11:00 AM,1/1/0001 12:00:00 AM,True,173.0,173.0,PPM,False,0.0,30,Calibration,3,CO,PercentLEL
0.0,,,1/5/2018 7:08:00 AM,1/5/2018 5:08:00 AM,1/1/0001 12:00:00 AM,False,,,PPM,False,0.0,30,None,4,H2S,PercentLEL
0.0,,,1/5/2018 7:09:00 AM,1/5/2018 5:09:00 AM,1/1/0001 12:00:00 AM,False,,,PPM,False,0.0,30,None,4,H2S,PercentLEL
0.0,,,1/5/2018 7:10:00 AM,1/5/2018 5:10:00 AM,1/1/0001 12:00:00 AM,False,,,PPM,False,0.0,30,None,4,H2S,PercentLEL
0.0,,,1/5/2018 7:11:00 AM,1/5/2018 5:11:00 AM,1/1/0001 12:00:00 AM,False,,,PPM,False,0.0,30,None,4,H2S,PercentLEL
0.0,,0.0,2/2/2018 6:59:15 AM,2/2/2018 4:59:15 AM,1/1/0001 12:00:00 AM,True,1.38,1.4,PercentMethane,False,0.0,29,Calibration,1,Methane,PercentLEL
0.0,,0.0,2/2/2018 7:00:15 AM,2/2/2018 5:00:15 AM,1/1/0001 12:00:00 AM,True,1.38,1.4,PercentMethane,False,0.0,29,Calibration,1,Methane,PercentLEL
0.0,,0.0,2/2/2018 7:01:15 AM,2/2/2018 5:01:15 AM,1/1/0001 12:00:00 AM,True,1.38,1.4,PercentMethane,False,0.25,29,Calibration,1,Methane,PercentLEL
0.0,,0.0,2/2/2018 7:02:15 AM,2/2/2018 5:02:15 AM,1/1/0001 12:00:00 AM,True,1.38,1.4,PercentMethane,False,0.0,29,Calibration,1,Methane,PercentLEL
0.0,,0.0,2/2/2018 6:59:15 AM,2/2/2018 4:59:15 AM,1/1/0001 12:00:00 AM,True,173.0,160.0,PPM,False,0.0,29,Calibration,3,CO,PercentLEL
0.0,,0.0,2/2/2018 7:00:15 AM,2/2/2018 5:00:15 AM,1/1/0001 12:00:00 AM,True,173.0,160.0,PPM,False,1.0,29,Calibration,3,CO,PercentLEL
11.0,,0.0,2/2/2018 7:01:15 AM,2/2/2018 5:01:15 AM,1/1/0001 12:00:00 AM,True,173.0,160.0,PPM,False,120.0,29,Calibration,3,CO,PercentLEL
0.0,,0.0,2/2/2018 7:02:15 AM,2/2/2018 5:02:15 AM,1/1/0001 12:00:00 AM,True,173.0,160.0,PPM,False,0.0,29,Calibration,3,CO,PercentLEL
0.0,,,2/2/2018 6:59:15 AM,2/2/2018 4:59:15 AM,1/1/0001 12:00:00 AM,False,,,PPM,False,0.0,29,None,4,H2S,PercentLEL
0.0,,,2/2/2018 7:00:15 AM,2/2/2018 5:00:15 AM,1/1/0001 12:00:00 AM,False,,,PPM,False,0.0,29,None,4,H2S,PercentLEL
0.0,,,2/2/2018 7:01:15 AM,2/2/2018 5:01:15 AM,1/1/0001 12:00:00 AM,False,,,PPM,False,0.0,29,None,4,H2S,PercentLEL
0.0,,,2/2/2018 7:02:15 AM,2/2/2018 5:02:15 AM,1/1/0001 12:00:00 AM,False,,,PPM,False,0.0,29,None,4,H2S,PercentLEL
0.0,,0.0,1/19/2018 2:03:45 PM,1/19/2018 12:03:45 PM,1/1/0001 12:00:00 AM,True,1.38,1.4,PercentMethane,False,0.0,30,Calibration,1,Methane,PercentLEL
0.0,,0.0,1/19/2018 2:04:45 PM,1/19/2018 12:04:45 PM,1/1/0001 12:00:00 AM,True,1.38,1.4,PercentMethane,False,0.0,30,Calibration,1,Methane,PercentLEL
0.0,,0.0,1/19/2018 2:05:45 PM,1/19/2018 12:05:45 PM,1/1/0001 12:00:00 AM,True,1.38,1.4,PercentMethane,False,0.0,30,Calibration,1,Methane,PercentLEL
0.0,,0.0,1/19/2018 2:06:45 PM,1/19/2018 12:06:45 PM,1/1/0001 12:00:00 AM,True,1.38,1.4,PercentMethane,False,0.0,30,Calibration,1,Methane,PercentLEL
0.0,,0.0,1/19/2018 2:03:45 PM,1/19/2018 12:03:45 PM,1/1/0001 12:00:00 AM,True,173.0,166.0,PPM,False,2.0,30,Calibration,3,CO,PercentLEL
0.0,,0.0,1/19/2018 2:04:45 PM,1/19/2018 12:04:45 PM,1/1/0001 12:00:00 AM,True,173.0,166.0,PPM,False,2.0,30,Calibration,3,CO,PercentLEL
14.0,,0.0,1/19/2018 2:05:45 PM,1/19/2018 12:05:45 PM,1/1/0001 12:00:00 AM,True,173.0,166.0,PPM,False,61.0,30,Calibration,3,CO,PercentLEL
0.0,,0.0,1/19/2018 2:06:45 PM,1/19/2018 12:06:45 PM,1/1/0001 12:00:00 AM,True,173.0,166.0,PPM,False,1.0,30,Calibration,3,CO,PercentLEL
0.0,,,1/19/2018 2:03:45 PM,1/19/2018 12:03:45 PM,1/1/0001 12:00:00 AM,False,,,PPM,False,0.0,30,None,4,H2S,PercentLEL
0.0,,,1/19/2018 2:04:45 PM,1/19/2018 12:04:45 PM,1/1/0001 12:00:00 AM,False,,,PPM,False,0.0,30,None,4,H2S,PercentLEL
0.0,,,1/19/2018 2:05:45 PM,1/19/2018 12:05:45 PM,1/1/0001 12:00:00 AM,False,,,PPM,False,0.0,30,None,4,H2S,PercentLEL
0.0,,,1/19/2018 2:06:45 PM,1/19/2018 12:06:45 PM,1/1/0001 12:00:00 AM,False,,,PPM,False,0.0,30,None,4,H2S,PercentLEL
0.45000001788139293,,0.0,12/22/2017 11:22:15 AM,12/22/2017 9:22:15 AM,1/1/0001 12:00:00 AM,True,1.38,0.95,PercentMethane,False,0.5,28,Calibration,1,Methane,PercentLEL
0.0,,0.0,12/22/2017 11:22:15 AM,12/22/2017 9:22:15 AM,1/1/0001 12:00:00 AM,True,173.0,175.0,PPM,False,1.0,28,Calibration,3,CO,PercentLEL
0.0,,,12/22/2017 11:22:15 AM,12/22/2017 9:22:15 AM,1/1/0001 12:00:00 AM,False,,,PPM,False,0.0,28,None,4,H2S,PercentLEL
